Player,Nation,Pos,Squad,Age,Born,90s,Tkl,TklW,Def_3rd,Mid_3rd,Att_3rd,Tkl,Att,Tkl%,Lost,Blocks,Sh,Pass,Int,Tkl+Int,Clr,Err
Keyliane Abdallah,FRA,FW,Marseille,18.0,2006,0.0,0,0,0,0,0,0,0,,0,0,0,0,0,0,0,0
Yunis Abdelhamid,MAR,DF,Reims,36.0,1987,27.9,2.04,1.15,1.04,0.82,0.18,0.82,1.51,54.8,0.68,1.65,0.97,0.68,1.29,3.33,3.19,0.04
Salis Abdul Samed,GHA,MF,Lens,24.0,2000,16.7,1.26,0.84,0.48,0.60,0.18,0.48,1.08,44.4,0.60,0.72,0.06,0.66,0.72,1.98,0.96,0.00
Laurent Abergel,FRA,MF,Lorient,31.0,1993,28.8,2.53,1.49,1.32,0.97,0.24,1.11,2.95,37.6,1.84,0.90,0.21,0.69,1.81,4.34,1.98,0.10
Matthis Abline,FRA,FW,Nantes,21.0,2003,9.1,0.66,0.33,0.22,0.33,0.11,0.11,0.66,16.7,0.55,0.22,0.00,0.22,0.22,0.88,0.55,0.00
Zakaria Aboukhlal,MAR,MF,Toulouse,24.0,2000,7.0,0.71,0.57,0.14,0.14,0.43,0.14,1.29,11.1,1.14,1.00,0.14,0.86,0.14,0.86,0.29,0.00
Bénie Adama Traore,CIV,FW,Nantes,21.0,2002,3.6,2.22,1.11,0.56,1.39,0.28,0.83,1.39,60.0,0.56,0.28,0.00,0.28,0.28,2.50,0.00,0.00
Akor Adams,NGA,FW,Montpellier,24.0,2000,23.1,0.43,0.17,0.13,0.13,0.17,0.13,0.30,42.9,0.17,0.35,0.09,0.26,0.22,0.65,0.43,0.00
Nathaniel Adjei,GHA,DF,Lorient,21.0,2002,12.1,0.99,0.66,0.66,0.17,0.17,0.50,0.58,85.7,0.08,1.16,0.58,0.58,1.40,2.40,4.55,0.08
Adryelson,BRA,DF,Lyon,26.0,1998,0.1,0.00,0.00,0.00,0.00,0.00,0.00,0.00,,0.00,0.00,0.00,0.00,10.0,10.0,30.0,0.00
Adson,BRA,MF,Nantes,23.0,2000,2.6,2.69,2.31,0.38,2.31,0.00,0.77,0.77,100.0,0.00,1.92,0.00,1.92,0.77,3.46,0.77,0.00
Emmanuel Agbadou,CIV,DF,Reims,26.0,1997,25.8,2.25,1.47,1.24,0.85,0.16,1.51,2.21,68.4,0.70,1.67,0.85,0.81,1.82,4.07,3.60,0.04
Ruben Aguilar,FRA,DF,Lens,31.0,1993,20.3,2.46,1.48,1.23,1.08,0.15,1.28,2.17,59.1,0.89,1.63,0.20,1.43,1.18,3.65,1.92,0.00
Tosin Aiyegun,BEN,MF,Lorient,25.0,1998,8.7,0.69,0.46,0.23,0.34,0.11,0.34,0.92,37.5,0.57,0.34,0.11,0.23,0.11,0.80,0.92,0.00
Sergio Akieme,ESP,DF,Reims,26.0,1997,6.1,1.15,0.49,0.33,0.49,0.33,0.82,1.15,71.4,0.33,0.82,0.33,0.49,1.15,2.30,1.31,0.00
Maghnes Akliouche,FRA,MF,Monaco,22.0,2002,16.0,2.25,1.38,0.75,1.19,0.31,0.75,2.13,35.3,1.38,1.25,0.00,1.25,0.56,2.81,0.19,0.00
Paul Akouokou,CIV,MF,Lyon,26.0,1997,3.4,4.12,2.65,0.59,2.94,0.59,1.76,2.06,85.7,0.29,1.47,0.29,1.18,1.76,5.88,3.24,0.00
Aboubacar Ali,FRA,MF,Strasbourg,18.0,2006,0.5,0.00,0.00,0.00,0.00,0.00,0.00,0.00,,0.00,2.00,0.00,2.00,0.00,0.00,0.00,0.00
Mohamed Ali Cho,FRA,FW,Nice,20.0,2004,7.8,1.41,1.03,0.38,0.90,0.13,0.38,1.15,33.3,0.77,1.28,0.00,1.28,0.38,1.79,0.77,0.00
Yanis Ali Issoufou,FRA,FW,Montpellier,17.0,2006,0.1,,0.00,,,,,,,,,,,0.00,,,
Nabil Alioui,FRA,MF,Le Havre,25.0,1999,11.2,0.27,0.18,0.18,0.09,0.00,0.18,0.36,50.0,0.18,0.54,0.09,0.45,0.27,0.54,0.36,0.00
Jim Allevinah,GAB,MF,Clermont Foot,29.0,1995,19.7,1.47,0.86,0.56,0.66,0.25,0.71,1.78,40.0,1.07,1.02,0.15,0.86,0.66,2.13,1.47,0.00
Skelly Alvero,FRA,MF,Lyon,21.0,2002,4.7,1.70,1.49,1.06,0.43,0.21,0.43,1.91,22.2,1.49,1.06,0.21,0.85,0.43,2.13,1.06,0.00
Papa Amadou Diallo,SEN,FW,Metz,19.0,2004,6.9,1.88,1.01,0.72,1.01,0.14,0.72,1.74,41.7,1.01,1.30,0.14,1.16,1.01,2.90,1.59,0.00
Kelvin Amian,FRA,DF,Nantes,26.0,1998,7.6,1.58,0.79,1.18,0.39,0.00,1.05,1.58,66.7,0.53,0.79,0.00,0.79,0.53,2.11,3.16,0.00
Michael Amir Murillo,PAN,DF,Marseille,28.0,1996,8.9,2.25,0.90,1.35,0.56,0.34,1.35,2.13,63.2,0.79,0.79,0.22,0.56,0.90,3.15,2.81,0.22
Benjamin André,FRA,MF,Lille,33.0,1990,26.6,3.20,1.77,1.43,1.58,0.19,1.54,2.86,53.9,1.32,1.20,0.19,1.02,1.13,4.32,2.14,0.00
Komnen Andrić,SRB,FW,Clermont Foot,28.0,1995,1.8,1.11,0.56,0.00,0.56,0.56,0.00,1.67,0.0,1.67,1.11,0.00,1.11,0.00,1.11,0.56,0.00
Stredair Appuah,FRA,FW,Nantes,19.0,2004,0.9,0.00,0.00,0.00,0.00,0.00,0.00,3.33,0.0,3.33,0.00,0.00,0.00,1.11,1.11,1.11,0.00
Yoël Armougom,FRA,DF,Clermont Foot,25.0,1998,2.6,1.15,1.15,0.77,0.00,0.38,0.77,1.15,66.7,0.38,0.38,0.00,0.38,0.38,1.54,1.15,0.00
Hákon Arnar Haraldsson,ISL,FW,Lille,21.0,2003,11.6,0.95,0.69,0.26,0.60,0.09,0.34,1.47,23.5,1.12,0.52,0.17,0.34,0.17,1.12,0.34,0.00
Mohamed El Arouch,FRA,FW,Lyon,20.0,2004,0.0,0,0,0,0,0,0,0,,0,0,0,0,0,0,0,0
Marco Asensio,ESP,MF,Paris S-G,28.0,1996,10.3,0.87,0.68,0.29,0.58,0.00,0.29,1.07,27.3,0.78,0.68,0.00,0.68,0.29,1.17,0.19,0.00
Joel Asoro,SWE,FW,Metz,25.0,1999,9.4,1.38,0.96,0.74,0.64,0.00,0.32,1.06,30.0,0.74,0.74,0.11,0.64,0.64,2.02,0.96,0.00
Lorenz Assignon,TOG,DF,Rennes,23.0,2000,11.2,2.14,1.07,1.07,0.71,0.36,0.80,2.14,37.5,1.34,0.80,0.36,0.45,0.80,2.95,2.41,0.09
Youcef Atal,ALG,DF,Nice,27.0,1996,4.0,2.25,0.75,1.50,0.50,0.25,1.50,2.00,75.0,0.50,1.75,0.25,1.50,1.00,3.25,0.25,0.00
Valentin Atangana Edoa,FRA,MF,Reims,18.0,2005,6.2,3.06,2.10,0.97,1.45,0.65,0.81,2.10,38.5,1.29,0.81,0.16,0.65,0.97,4.03,1.45,0.00
Arthur Atta,FRA,MF,Metz,21.0,2003,9.3,1.94,1.51,0.86,0.75,0.32,0.86,1.94,44.4,1.08,1.18,0.22,0.97,0.97,2.90,2.15,0.00
Pierre-Emerick Aubameyang,GAB,FW,Marseille,34.0,1989,26.1,0.80,0.50,0.15,0.42,0.23,0.23,0.92,25.0,0.69,0.96,0.19,0.77,0.34,1.15,1.00,0.00
André Ayew,GHA,FW,Le Havre,34.0,1989,9.3,0.97,0.75,0.43,0.43,0.11,0.65,0.75,85.7,0.11,0.75,0.22,0.54,0.22,1.18,0.97,0.00
Neil El Aynaoui,FRA,MF,Lens,22.0,2001,17.4,2.13,1.15,0.75,1.15,0.23,1.15,2.64,43.5,1.49,1.15,0.34,0.80,1.84,3.97,1.21,0.06
Abdellah Baallal,MAR,MF,Clermont Foot,19.0,2004,0.0,0,0,0,0,0,0,0,,0,1,0,1,0,0,0,0
Shavy Babicka,GAB,FW,Toulouse,23.0,2000,3.8,2.37,1.84,0.53,1.58,0.26,0.53,1.32,40.0,0.79,1.05,0.00,1.05,0.00,2.37,0.53,0.00
Aliou Badara Baldé,SEN,FW,Nice,21.0,2002,0.7,5.71,1.43,0.00,4.29,1.43,1.43,1.43,100.0,0.00,2.86,1.43,1.43,4.29,10.0,0.00,0.00
Tiemoué Bakayoko,FRA,MF,Lorient,29.0,1994,13.1,2.29,1.30,1.07,0.99,0.23,0.92,1.68,54.5,0.76,0.69,0.31,0.38,1.53,3.82,1.15,0.00
Dilane Bakwa,FRA,FW,Strasbourg,21.0,2002,22.3,1.30,0.94,0.49,0.58,0.22,0.49,1.79,27.5,1.30,1.08,0.04,1.03,0.81,2.11,0.45,0.00
Carlos Baleba,CMR,MF,Lille,20.0,2004,0.7,8.57,2.86,1.43,5.71,1.43,4.29,5.71,75.0,1.43,0.00,0.00,0.00,2.86,11.4,0.00,0.00
Leonardo Balerdi,ARG,DF,Marseille,25.0,1999,23.2,3.02,1.90,2.11,0.86,0.04,1.94,2.59,75.0,0.65,1.47,0.60,0.86,1.94,4.96,3.79,0.00
Folarin Balogun,USA,FW,Monaco,22.0,2001,17.1,0.58,0.18,0.12,0.41,0.06,0.29,0.76,38.5,0.47,0.58,0.00,0.58,0.18,0.76,0.23,0.00
Muhamad Bamba,CIV,FW,Lorient,22.0,2001,9.9,,0.51,,,,,,,,,,,0.10,,,
Mamady Bangré,BFA,FW,Toulouse,22.0,2001,1.1,3.64,1.82,1.82,1.82,0.00,2.73,3.64,75.0,0.91,0.00,0.00,0.00,3.64,7.27,2.73,0.00
Bradley Barcola,FRA,FW,Lyon,21.0,2002,3.0,1.67,0.67,0.00,0.67,1.00,0.33,2.33,14.3,2.00,1.33,0.00,1.33,0.67,2.33,0.00,0.00
Bradley Barcola,FRA,FW,Paris S-G,21.0,2002,13.5,2.07,0.96,0.81,0.74,0.52,0.37,1.56,23.8,1.19,1.78,0.15,1.63,0.74,2.81,0.81,0.07
Melvin Bard,FRA,DF,Nice,23.0,2000,27.7,2.45,1.34,0.97,1.08,0.40,1.30,2.13,61.0,0.83,1.48,0.40,1.08,1.41,3.86,1.52,0.00
Steven Baseya,FRA,DF,Strasbourg,19.0,2005,0.1,20.0,10.0,10.0,10.0,0.00,10.0,10.0,100.0,0.00,0.00,0.00,0.00,0.00,20.0,10.0,0.00
Mohamed Bechikh,FRA,FW,Strasbourg,18.0,2005,0.2,0.00,0.00,0.00,0.00,0.00,0.00,0.00,,0.00,0.00,0.00,0.00,0.00,0.00,0.00,0.00
Yanis Begraoui,MAR,FW,Toulouse,22.0,2001,3.3,1.52,0.91,0.30,0.91,0.30,0.91,2.73,33.3,1.82,1.21,0.00,1.21,1.52,3.03,1.52,0.00
Jérémie Bela,ANG,MF,Clermont Foot,31.0,1993,1.5,0.67,0.67,0.00,0.67,0.00,0.67,1.33,50.0,0.67,0.00,0.00,0.00,0.00,0.67,0.67,0.00
Reda Belahyane,FRA,MF,Nice,19.0,2004,0.3,3.33,0.00,0.00,3.33,0.00,3.33,3.33,100.0,0.00,0.00,0.00,0.00,0.00,3.33,0.00,0.00
Alaa Bellaarouch,MAR,GK,Strasbourg,22.0,2002,12.0,0.00,0.00,0.00,0.00,0.00,0.00,0.00,,0.00,0.00,0.00,0.00,0.08,0.08,0.75,0.17
Jean-Ricner Bellegarde,FRA,MF,Strasbourg,25.0,1998,3.0,1.67,1.00,1.00,0.67,0.00,1.00,2.00,50.0,1.00,1.33,0.00,1.33,1.33,3.00,0.00,0.00
Jeanuël Belocian,FRA,DF,Rennes,19.0,2005,15.7,1.97,1.34,1.46,0.45,0.06,1.40,1.72,81.5,0.32,1.15,0.64,0.51,0.83,2.80,3.06,0.00
Eliesse Ben Seghir,MAR,FW,Monaco,19.0,2005,3.1,1.94,1.29,0.32,1.29,0.32,0.65,1.94,33.3,1.29,1.29,0.00,1.29,0.32,2.26,0.32,0.00
Wissam Ben Yedder,FRA,FW,Monaco,33.0,1990,22.7,0.18,0.13,0.04,0.09,0.04,0.04,0.40,11.1,0.35,0.70,0.00,0.70,0.35,0.53,0.04,0.00
Saïd Benrahma,ALG,FW,Lyon,28.0,1995,7.1,1.27,0.99,0.14,0.85,0.28,0.70,0.85,83.3,0.14,0.85,0.00,0.85,0.14,1.41,0.42,0.00
Nabil Bentaleb,ALG,MF,Lille,29.0,1994,18.9,2.33,1.53,1.43,0.79,0.11,0.95,1.90,50.0,0.95,1.64,0.58,1.06,1.64,3.97,1.64,0.00
Lucas Beraldo,BRA,DF,Paris S-G,20.0,2003,9.4,2.02,1.17,1.38,0.64,0.00,0.85,2.45,34.8,1.60,1.49,0.64,0.85,1.60,3.62,1.81,0.00
Dimitry Bertaud,COD,GK,Montpellier,25.0,1998,1.0,0.00,0.00,0.00,0.00,0.00,0.00,0.00,,0.00,0.00,0.00,0.00,0.00,0.00,0.00,0.00
Marco Bizot,NED,GK,Brest,33.0,1991,29.0,0.00,0.00,0.00,0.00,0.00,0.00,0.03,0.0,0.03,0.00,0.00,0.00,0.00,0.00,0.62,0.07
Rubén Blanco,ESP,GK,Marseille,28.0,1995,1.3,0.00,0.00,0.00,0.00,0.00,0.00,0.00,,0.00,0.00,0.00,0.00,0.00,0.00,0.00,0.00
Ludovic Blas,FRA,FW,Rennes,26.0,1997,16.9,1.60,0.71,0.83,0.71,0.06,0.65,1.60,40.7,0.95,0.77,0.06,0.71,0.36,1.95,0.53,0.00
Myron Boadu,NED,FW,Monaco,23.0,2001,0.9,2.22,2.22,0.00,1.11,1.11,1.11,2.22,50.0,1.11,2.22,0.00,2.22,0.00,2.22,0.00,0.00
Jeremie Boga,CIV,FW,Nice,27.0,1997,19.4,0.88,0.36,0.31,0.52,0.05,0.52,1.03,50.0,0.52,1.24,0.10,1.13,0.31,1.19,0.15,0.00
Adama Bojang,GAM,FW,Reims,19.0,2004,0.7,2.86,1.43,1.43,0.00,1.43,0.00,0.00,,0.00,1.43,0.00,1.43,1.43,4.29,0.00,0.00
Ângelo Borges,BRA,FW,Strasbourg,19.0,2004,12.2,1.97,0.90,0.74,0.57,0.66,0.90,2.54,35.5,1.64,1.48,0.00,1.48,0.74,2.70,0.16,0.00
Neto Borges,BRA,DF,Clermont Foot,27.0,1996,25.0,1.72,0.88,0.92,0.64,0.16,1.00,2.40,41.7,1.40,1.00,0.16,0.84,2.04,3.76,2.76,0.00
Ayyoub Bouaddi,FRA,MF,Lille,16.0,2007,1.5,4.00,1.33,4.00,0.00,0.00,1.33,3.33,40.0,2.00,1.33,0.00,1.33,0.67,4.67,2.00,0.00
Badredine Bouanani,ALG,FW,Nice,19.0,2004,1.8,1.67,1.11,0.56,0.56,0.56,1.67,2.22,75.0,0.56,2.78,0.00,2.78,1.67,3.33,0.00,0.00
Badredine Bouanani,ALG,MF,Lorient,19.0,2004,3.8,0.79,0.26,0.26,0.26,0.26,0.53,1.05,50.0,0.53,0.26,0.00,0.26,0.26,1.05,0.79,0.00
Hicham Boudaoui,ALG,MF,Nice,24.0,1999,16.5,2.30,1.03,0.85,1.27,0.18,1.09,1.58,69.2,0.48,0.79,0.06,0.73,0.61,2.91,0.79,0.00
Benjamin Bourigeaud,FRA,MF,Rennes,30.0,1994,24.4,1.23,0.74,0.57,0.37,0.29,0.53,1.64,32.5,1.11,1.15,0.08,1.07,0.82,2.05,1.48,0.08
Bilal Boutobba,FRA,FW,Clermont Foot,25.0,1998,10.2,2.16,1.18,0.59,0.98,0.59,0.98,2.25,43.5,1.27,0.88,0.00,0.88,0.78,2.94,0.29,0.00
Hugo Boutsingkham,FRA,MF,Nantes,21.0,2003,0.1,0.00,0.00,0.00,0.00,0.00,0.00,0.00,,0.00,0.00,0.00,0.00,0.00,0.00,10.0,0.00
Bilal Brahimi,ALG,FW,Nice,24.0,2000,0.1,0.00,0.00,0.00,0.00,0.00,0.00,10.0,0.0,10.0,0.00,0.00,0.00,0.00,0.00,0.00,0.00
Bilal Brahimi,ALG,FW,Brest,24.0,2000,2.4,0.00,0.00,0.00,0.00,0.00,0.00,1.25,0.0,1.25,0.83,0.00,0.83,0.00,0.00,0.00,0.00
Lilian Brassier,FRA,DF,Brest,24.0,1999,26.7,1.09,0.64,0.64,0.45,0.00,0.45,0.86,52.2,0.41,0.82,0.60,0.22,1.46,2.55,3.18,0.00
Maxime Busi,BEL,FW,Reims,24.0,1999,1.4,0.71,0.00,0.00,0.71,0.00,0.00,1.43,0.0,1.43,2.86,0.00,2.86,1.43,2.14,0.71,0.00
Marcin Bułka,POL,GK,Nice,24.0,1999,31.0,0.00,0.00,0.00,0.00,0.00,0.00,0.06,0.0,0.06,0.00,0.00,0.00,0.00,0.00,0.29,0.10
Rémy Cabella,FRA,FW,Lille,34.0,1990,15.8,3.35,2.22,1.14,1.27,0.95,1.27,3.04,41.7,1.77,1.96,0.00,1.96,0.32,3.67,0.32,0.00
Duje Ćaleta-Car,CRO,DF,Lyon,27.0,1996,19.1,1.15,0.47,0.89,0.21,0.05,0.79,0.94,83.3,0.16,1.26,0.68,0.58,0.68,1.83,4.14,0.05
Lamine Camara,SEN,MF,Metz,20.0,2004,22.4,2.54,1.74,1.07,1.21,0.27,1.07,2.10,51.1,1.03,1.52,0.09,1.43,1.25,3.79,1.47,0.00
Mahdi Camara,FRA,MF,Brest,25.0,1998,19.8,2.27,1.57,0.40,1.62,0.25,0.91,2.27,40.0,1.36,1.06,0.05,1.01,1.21,3.48,0.91,0.00
Mohamed Camara,MLI,MF,Monaco,24.0,2000,9.5,2.84,1.47,0.84,1.58,0.42,1.16,2.32,50.0,1.16,0.74,0.21,0.53,1.05,3.89,0.63,0.00
Axel Camblan,FRA,FW,Brest,20.0,2003,1.0,3.00,1.00,0.00,2.00,1.00,2.00,4.00,50.0,2.00,2.00,0.00,2.00,0.00,3.00,0.00,0.00
Fali Candé,GNB,DF,Metz,26.0,1998,18.6,1.61,0.91,1.29,0.32,0.00,0.65,1.29,50.0,0.65,1.83,1.34,0.48,0.97,2.58,5.32,0.05
Gino Caoki,FRA,MF,Lorient,19.0,2004,0.1,0.00,0.00,0.00,0.00,0.00,0.00,10.0,0.0,10.0,0.00,0.00,0.00,0.00,0.00,0.00,0.00
Maxence Caqueret,FRA,MF,Lyon,24.0,2000,30.6,2.71,1.93,1.14,1.14,0.42,1.11,3.17,35.1,2.06,1.14,0.20,0.95,1.41,4.12,0.69,0.07
Igor Carioca,BRA,DF,Lorient,27.0,1996,2.9,2.76,2.07,2.07,0.34,0.34,1.38,2.07,66.7,0.69,0.00,0.00,0.00,1.03,3.79,2.07,0.00
Antonin Cartillier,FRA,DF,Monaco,19.0,2004,0.1,0.00,0.00,0.00,0.00,0.00,0.00,0.00,,0.00,10.0,0.00,10.0,0.00,0.00,0.00,0.00
Josué Casimir,FRA,FW,Le Havre,22.0,2001,19.9,1.46,0.80,0.65,0.65,0.15,0.35,0.85,41.2,0.50,1.06,0.10,0.95,0.60,2.06,1.26,0.00
Cristian Cásseres Jr.,VEN,MF,Toulouse,24.0,2000,18.7,3.42,1.71,1.55,1.55,0.32,1.39,2.78,50.0,1.39,1.66,0.16,1.50,1.39,4.81,1.66,0.05
Jean-Charles Castelletto,CMR,DF,Nantes,29.0,1995,26.4,1.25,0.95,0.80,0.38,0.08,0.64,1.06,60.7,0.42,0.72,0.38,0.34,1.21,2.46,3.03,0.00
Maximiliano Caufriez,BEL,DF,Clermont Foot,27.0,1997,17.6,2.10,1.59,1.70,0.28,0.11,1.08,1.65,65.5,0.57,0.91,0.57,0.34,0.91,3.01,3.69,0.11
Ivan Cavaleiro,POR,FW,Lille,30.0,1993,8.5,1.18,0.71,0.35,0.47,0.35,0.82,2.35,35.0,1.53,1.06,0.24,0.82,0.59,1.76,0.71,0.00
Fabien Centonze,FRA,DF,Nantes,28.0,1996,1.0,2.00,1.00,2.00,0.00,0.00,2.00,3.00,66.7,1.00,2.00,1.00,1.00,0.00,2.00,1.00,0.00
Fares Chaïbi,ALG,FW,Toulouse,21.0,2002,0.6,0.00,0.00,0.00,0.00,0.00,0.00,0.00,,0.00,0.00,0.00,0.00,0.00,0.00,3.33,0.00
Muhammed Cham,AUT,MF,Clermont Foot,23.0,2000,26.5,0.91,0.49,0.38,0.45,0.08,0.42,1.02,40.7,0.60,0.72,0.08,0.64,0.30,1.21,0.19,0.04
Brendan Chardonnet,FRA,DF,Brest,29.0,1994,30.0,1.70,1.00,0.97,0.67,0.07,0.93,1.80,51.9,0.87,1.80,1.13,0.67,1.60,3.30,4.30,0.10
Jhoanner Chávez,ECU,DF,Lens,22.0,2002,5.3,1.13,0.94,0.38,0.38,0.38,0.57,1.70,33.3,1.13,0.38,0.00,0.38,0.94,2.08,2.08,0.00
Rayan Cherki,FRA,FW,Lyon,20.0,2003,17.3,1.50,0.81,0.17,0.92,0.40,0.87,2.31,37.5,1.45,0.75,0.17,0.58,0.35,1.85,0.00,0.00
Lucas Chevalier,FRA,GK,Lille,22.0,2001,31.0,0.06,0.00,0.06,0.00,0.00,0.06,0.10,66.7,0.03,0.03,0.00,0.03,0.00,0.06,0.32,0.06
Pedro Chirivella,ESP,MF,Nantes,26.0,1997,27.8,1.73,1.01,0.72,0.97,0.04,1.01,2.66,37.8,1.65,0.76,0.14,0.61,1.04,2.77,1.01,0.00
Joris Chotard,FRA,MF,Montpellier,22.0,2001,26.1,2.87,1.92,1.65,0.88,0.34,1.65,3.30,50.0,1.65,1.65,0.73,0.92,1.49,4.37,2.11,0.00
Djaoui Cissé,FRA,MF,Rennes,20.0,2004,0.0,0,0,0,0,0,0,0,,0,0,0,0,0,0,0,0
Ibrahim Cissoko,NED,FW,Toulouse,21.0,2003,2.6,1.15,0.77,0.77,0.38,0.00,0.38,1.15,33.3,0.77,1.15,0.00,1.15,0.38,1.54,0.00,0.00
Alexis Claude-Maurice,FRA,MF,Nice,25.0,1998,4.9,2.24,1.02,0.61,1.02,0.61,0.20,1.02,20.0,0.82,0.82,0.20,0.61,0.82,3.06,1.43,0.00
Jonathan Clauss,FRA,DF,Marseille,31.0,1992,21.3,2.02,0.89,0.99,0.80,0.23,1.17,2.21,53.2,1.03,0.80,0.14,0.66,1.50,3.52,2.07,0.00
Marcus Coco,FRA,DF,Nantes,27.0,1996,14.0,2.64,1.57,1.71,0.64,0.29,1.71,3.86,44.4,2.14,1.21,0.07,1.14,1.36,4.00,2.36,0.00
Maxime Colin,FRA,DF,Metz,32.0,1991,17.4,2.18,1.32,1.44,0.40,0.34,0.92,1.67,55.2,0.75,1.03,0.29,0.75,0.98,3.16,3.62,0.00
Eray Cömert,SUI,DF,Nantes,26.0,1998,19.3,1.87,1.30,1.19,0.62,0.05,1.24,1.71,72.7,0.47,1.61,0.83,0.78,1.66,3.52,3.73,0.05
Joaquín Correa,ARG,FW,Marseille,29.0,1994,4.8,1.46,1.04,0.83,0.42,0.21,0.00,1.67,0.0,1.67,0.42,0.00,0.42,0.21,1.67,0.21,0.00
Oscar Cortés,COL,FW,Lens,20.0,2003,0.5,0.00,0.00,0.00,0.00,0.00,0.00,0.00,,0.00,2.00,0.00,2.00,0.00,0.00,0.00,0.00
David Pereira da Costa,POR,MF,Lens,23.0,2001,13.7,0.95,0.58,0.36,0.58,0.00,0.51,1.24,41.2,0.73,1.39,0.29,1.09,1.02,1.97,0.58,0.07
Logan Costa,CPV,DF,Toulouse,23.0,2001,26.4,1.36,0.83,1.02,0.34,0.00,0.49,0.83,59.1,0.34,1.44,0.91,0.53,0.76,2.12,4.28,0.04
Grégoire Coudert,FRA,GK,Brest,25.0,1999,2.0,0.00,0.00,0.00,0.00,0.00,0.00,0.00,,0.00,0.00,0.00,0.00,0.00,0.00,0.00,0.00
Mamadou Coulibaly,FRA,MF,Monaco,20.0,2004,0.8,7.50,3.75,2.50,3.75,1.25,2.50,7.50,33.3,5.00,2.50,0.00,2.50,0.00,7.50,0.00,0.00
Tanguy Coulibaly,FRA,FW,Montpellier,23.0,2001,5.3,1.70,1.51,1.13,0.38,0.19,0.57,1.32,42.9,0.75,1.51,0.00,1.51,0.19,1.89,0.38,0.00
Nicolas Cozza,FRA,DF,Nantes,25.0,1999,8.1,3.33,2.35,2.10,0.99,0.25,1.85,2.47,75.0,0.62,0.74,0.00,0.74,1.36,4.69,3.09,0.00
Trévis Dago,CIV,FW,Lille,19.0,2005,0.3,0.00,0.00,0.00,0.00,0.00,0.00,0.00,,0.00,0.00,0.00,0.00,3.33,3.33,0.00,0.00
Thijs Dallinga,NED,FW,Toulouse,23.0,2000,25.0,1.08,0.56,0.24,0.40,0.44,0.28,0.52,53.8,0.24,0.40,0.16,0.24,0.12,1.20,1.24,0.00
Kevin Danso,AUT,DF,Lens,25.0,1998,29.0,0.79,0.48,0.41,0.38,0.00,0.52,1.03,50.0,0.52,1.45,1.03,0.41,0.79,1.59,3.93,0.03
Dante,BRA,DF,Nice,40.0,1983,29.6,1.99,0.98,1.45,0.47,0.07,1.22,1.62,75.0,0.41,1.32,0.64,0.68,1.11,3.11,2.57,0.07
Raimane Daou,COM,DF,Marseille,19.0,2004,0.3,3.33,3.33,3.33,0.00,0.00,3.33,6.67,50.0,3.33,0.00,0.00,0.00,0.00,3.33,6.67,0.00
Mohammed Daramy,DEN,FW,Reims,22.0,2002,18.3,0.55,0.49,0.22,0.22,0.11,0.33,0.87,37.5,0.55,0.27,0.05,0.22,0.22,0.77,0.22,0.00
Achraf Dari,MAR,DF,Brest,24.0,1999,1.3,0.77,0.77,0.77,0.00,0.00,0.00,1.54,0.0,1.54,1.54,0.00,1.54,3.85,4.62,6.92,0.77
Jonathan David,CAN,FW,Lille,24.0,2000,26.2,0.84,0.53,0.19,0.42,0.23,0.31,0.88,34.8,0.57,0.53,0.00,0.53,0.31,1.15,0.11,0.00
Thibault De Smet,BEL,DF,Reims,25.0,1998,20.3,2.76,1.72,1.77,0.79,0.20,1.63,2.91,55.9,1.28,1.23,0.25,0.99,1.03,3.79,2.51,0.05
Romain Del Castillo,FRA,FW,Brest,28.0,1996,27.2,1.58,0.96,0.51,0.59,0.48,0.55,2.39,23.1,1.84,1.14,0.04,1.10,0.33,1.91,0.26,0.00
Thomas Delaine,FRA,DF,Strasbourg,32.0,1992,21.0,1.71,0.81,1.33,0.33,0.05,0.95,1.95,48.8,1.00,0.81,0.10,0.71,0.81,2.52,2.29,0.00
Sacha Delaye,FRA,FW,Montpellier,22.0,2002,1.1,4.55,1.82,0.91,0.91,2.73,0.91,4.55,20.0,3.64,0.91,0.00,0.91,0.00,4.55,0.00,0.00
Karamoko Dembele,SCO,MF,Brest,21.0,2003,0.2,0.00,0.00,0.00,0.00,0.00,0.00,0.00,,0.00,0.00,0.00,0.00,0.00,0.00,0.00,0.00
Ousmane Dembélé,FRA,MF,Paris S-G,26.0,1997,16.4,1.10,0.85,0.12,0.43,0.55,0.30,0.73,41.7,0.43,0.67,0.00,0.67,0.30,1.40,0.24,0.06
Jessy Deminguet,FRA,MF,Strasbourg,26.0,1998,7.7,1.82,1.17,0.78,1.04,0.00,0.78,2.34,33.3,1.56,1.04,0.00,1.04,1.17,2.99,0.65,0.13
Rémy Descamps,FRA,GK,Nantes,27.0,1996,6.0,0.00,0.00,0.00,0.00,0.00,0.00,0.00,,0.00,0.00,0.00,0.00,0.00,0.00,1.17,0.00
Mikkel Desler,DEN,DF,Toulouse,29.0,1995,15.0,1.00,0.60,0.40,0.40,0.20,0.53,1.00,53.3,0.47,1.87,0.80,1.07,1.07,2.07,2.33,0.00
Arthur Desmas,FRA,GK,Le Havre,30.0,1994,30.0,0.00,0.00,0.00,0.00,0.00,0.00,0.07,0.0,0.07,0.00,0.00,0.00,0.00,0.00,0.43,0.03
Lamine Diack,SEN,MF,Nantes,23.0,2000,0.0,0,0,0,0,0,0,0,,0,0,0,0,0,0,0,0
Mamadou Diakhon,FRA,FW,Reims,18.0,2005,2.3,1.74,0.87,0.43,0.43,0.87,1.30,3.91,33.3,2.61,0.43,0.00,0.43,0.43,2.17,0.43,0.00
Bafodé Diakité,FRA,DF,Lille,23.0,2001,15.8,1.65,1.20,0.63,0.89,0.13,1.33,1.71,77.8,0.38,0.82,0.38,0.44,1.27,2.91,2.59,0.06
Ibrahim Diakité,GUI,DF,Reims,20.0,2003,1.2,0.83,0.00,0.00,0.83,0.00,0.00,0.83,0.0,0.83,2.50,0.00,2.50,1.67,2.50,4.17,0.00
Oumar Diakité,CIV,FW,Reims,20.0,2003,15.2,1.32,0.59,0.46,0.46,0.39,0.46,1.32,35.0,0.86,0.86,0.00,0.86,0.26,1.58,0.39,0.00
Habib Diarra,SEN,MF,Strasbourg,20.0,2004,23.9,1.17,0.92,0.25,0.84,0.08,0.33,1.34,25.0,1.00,0.96,0.17,0.79,0.71,1.88,0.54,0.00
Moussa Diarra,MLI,DF,Toulouse,23.0,2000,13.8,2.10,0.80,0.94,1.09,0.07,0.80,1.74,45.8,0.94,2.10,1.01,1.09,1.38,3.48,3.12,0.00
Krépin Diatta,SEN,DF,Monaco,25.0,1999,10.8,2.59,1.30,1.20,1.02,0.37,1.94,3.70,52.5,1.76,1.39,0.09,1.30,1.30,3.89,1.57,0.00
Mory Diaw,SEN,GK,Clermont Foot,30.0,1993,27.0,0.04,0.04,0.04,0.00,0.00,0.04,0.07,50.0,0.04,0.00,0.00,0.00,0.04,0.07,0.44,0.11
Mahamadou Diawara,FRA,MF,Lyon,19.0,2005,3.9,2.05,1.28,1.03,1.03,0.00,0.77,2.56,30.0,1.79,1.03,0.26,0.77,1.03,3.08,1.03,0.00
Bamba Dieng,SEN,FW,Lorient,24.0,2000,5.4,0.37,0.37,0.00,0.37,0.00,0.19,0.37,50.0,0.19,0.37,0.00,0.37,0.00,0.37,1.30,0.00
Guillaume Dietsch,FRA,GK,Metz,23.0,2001,0.8,0.00,0.00,0.00,0.00,0.00,0.00,0.00,,0.00,0.00,0.00,0.00,0.00,0.00,0.00,0.00
Sinaly Diomande,CIV,DF,Lyon,23.0,2001,9.9,1.01,0.40,0.51,0.30,0.20,0.91,1.62,56.3,0.71,1.21,0.91,0.30,1.52,2.53,2.63,0.10
Edan Diop,FRA,MF,Monaco,19.0,2004,1.8,5.56,4.44,3.33,1.67,0.56,3.89,5.00,77.8,1.11,1.67,0.00,1.67,0.56,6.11,2.78,0.00
Sofiane Diop,FRA,FW,Nice,23.0,2000,5.5,1.45,1.09,0.55,0.73,0.18,0.73,1.82,40.0,1.09,0.73,0.00,0.73,0.55,2.00,0.55,0.00
Andy Diouf,FRA,MF,Lens,20.0,2003,14.6,1.92,1.30,0.82,0.75,0.34,0.96,1.51,63.6,0.55,0.89,0.21,0.68,0.21,2.12,0.34,0.07
Yehvann Diouf,FRA,GK,Reims,24.0,1999,31.0,0.00,0.00,0.00,0.00,0.00,0.00,0.03,0.0,0.03,0.00,0.00,0.00,0.00,0.00,0.58,0.10
Chaim El Djebali,TUN,MF,Lyon,20.0,2004,0.1,0.00,0.00,0.00,0.00,0.00,0.00,0.00,,0.00,0.00,0.00,0.00,0.00,0.00,0.00,0.00
Jeremy Doku,BEL,FW,Rennes,21.0,2002,1.2,1.67,1.67,0.83,0.00,0.83,0.83,0.83,100.0,0.00,0.00,0.00,0.00,0.00,1.67,0.00,0.00
Gianluigi Donnarumma,ITA,GK,Paris S-G,25.0,1999,24.1,0.00,0.00,0.00,0.00,0.00,0.00,0.00,,0.00,0.00,0.00,0.00,0.04,0.04,0.37,0.17
Siriné Doucouré,MLI,FW,Lorient,22.0,2002,4.7,1.70,1.28,0.00,0.85,0.85,0.64,0.64,100.0,0.00,0.85,0.00,0.85,0.21,1.91,1.28,0.00
Désiré Doué,FRA,MF,Rennes,18.0,2005,15.4,1.88,1.04,0.58,0.84,0.45,0.58,1.88,31.0,1.30,1.69,0.06,1.62,0.78,2.66,0.45,0.00
Guela Doué,CIV,DF,Rennes,21.0,2002,13.5,2.00,1.48,1.04,0.81,0.15,1.56,2.30,67.7,0.74,0.89,0.07,0.81,1.11,3.11,4.67,0.07
Douglas,BRA,MF,Nantes,27.0,1997,19.5,3.59,2.15,1.74,1.54,0.31,1.54,2.97,51.7,1.44,1.13,0.41,0.72,1.33,4.92,1.54,0.00
Ismaël Doukouré,FRA,MF,Strasbourg,20.0,2003,16.4,1.22,0.85,0.30,0.79,0.12,0.73,1.16,63.2,0.43,0.91,0.37,0.55,1.10,2.32,1.59,0.12
Kamory Doumbia,MLI,MF,Brest,21.0,2003,8.6,3.02,1.98,0.93,1.05,1.05,0.93,3.14,29.6,2.21,1.40,0.00,1.40,1.05,4.07,0.70,0.00
Jean-Kevin Duverne,HAI,DF,Nantes,26.0,1997,13.9,2.23,1.22,1.01,1.01,0.22,1.08,2.88,37.5,1.80,1.15,0.36,0.79,1.22,3.45,2.16,0.00
Aron Dønnum,NOR,FW,Toulouse,26.0,1998,16.8,0.89,0.54,0.18,0.42,0.30,0.36,1.25,28.6,0.89,0.77,0.00,0.77,0.48,1.37,0.95,0.06
Simon Ebonog,CMR,MF,Le Havre,19.0,2004,0.2,5.00,5.00,0.00,5.00,0.00,5.00,5.00,100.0,0.00,5.00,5.00,0.00,0.00,5.00,5.00,0.00
Hugo Ekitike,FRA,FW,Paris S-G,21.0,2002,0.1,0.00,0.00,0.00,0.00,0.00,0.00,0.00,,0.00,0.00,0.00,0.00,0.00,0.00,0.00,0.00
Simon Elisor,FRA,FW,Metz,24.0,1999,8.5,1.06,0.24,0.35,0.24,0.47,0.24,0.71,33.3,0.47,0.71,0.12,0.59,0.00,1.06,1.06,0.00
Breel Embolo,SUI,FW,Monaco,27.0,1997,0.8,1.25,1.25,0.00,1.25,0.00,0.00,1.25,0.0,1.25,1.25,0.00,1.25,1.25,2.50,2.50,0.00
Emanuel Emegha,NED,FW,Strasbourg,21.0,2003,20.1,0.35,0.20,0.10,0.15,0.10,0.20,0.40,50.0,0.20,0.50,0.10,0.40,0.10,0.45,1.14,0.00
Maxime Estève,FRA,DF,Montpellier,21.0,2002,11.1,1.44,1.08,0.99,0.45,0.00,0.90,1.35,66.7,0.45,1.17,0.81,0.36,1.62,3.06,4.50,0.00
Oscar Estupiñan,COL,FW,Metz,27.0,1996,2.9,1.72,1.38,0.00,1.03,0.69,0.34,0.69,50.0,0.34,0.69,0.00,0.69,0.00,1.72,0.00,0.00
Romain Faivre,FRA,MF,Lorient,25.0,1998,16.1,0.81,0.37,0.31,0.25,0.25,0.37,0.93,40.0,0.56,0.37,0.06,0.31,0.43,1.24,0.19,0.06
Khalil Fayad,FRA,FW,Montpellier,19.0,2004,9.9,2.42,1.31,1.62,0.51,0.30,0.81,2.12,38.1,1.31,1.21,0.10,1.11,1.21,3.64,0.51,0.00
Ichem Ferrah,FRA,FW,Lille,18.0,2005,0.0,0,0,0,0,0,0,0,,0,0,0,0,0,0,0,0
Jordan Ferri,FRA,MF,Montpellier,32.0,1992,21.9,1.64,1.00,0.73,0.78,0.14,0.91,3.01,30.3,2.10,0.78,0.05,0.73,0.59,2.24,1.00,0.00
Malick Fofana,BEL,FW,Lyon,19.0,2005,4.7,0.64,0.43,0.43,0.00,0.21,0.43,1.49,28.6,1.06,0.43,0.00,0.43,0.85,1.49,1.28,0.00
Youssouf Fofana,FRA,MF,Monaco,25.0,1999,27.8,1.91,1.22,0.58,1.12,0.22,0.94,2.05,45.6,1.12,1.22,0.22,1.01,1.22,3.13,1.12,0.04
Thomas Foket,BEL,DF,Reims,29.0,1994,19.9,1.61,0.85,1.06,0.40,0.15,1.01,2.16,46.5,1.16,1.71,0.60,1.11,1.26,2.86,1.61,0.00
Tiago Fonseca Morais,POR,FW,Lille,20.0,2003,0.5,2.00,2.00,0.00,2.00,0.00,0.00,0.00,,0.00,0.00,0.00,0.00,2.00,4.00,0.00,0.00
Przemysław Frankowski,POL,DF,Lens,29.0,1995,22.3,2.24,1.52,0.85,1.03,0.36,1.08,2.91,36.9,1.84,1.21,0.27,0.94,0.99,3.23,1.43,0.00
Jean Frederic N'Guessan,CIV,MF,Metz,21.0,2003,1.2,2.50,0.83,0.00,2.50,0.00,0.00,2.50,0.0,2.50,2.50,0.00,2.50,0.83,3.33,0.00,0.00
Angelo Fulgini,FRA,MF,Lens,27.0,1996,12.9,1.47,0.78,0.31,0.93,0.23,0.70,1.24,56.3,0.54,1.63,0.00,1.63,0.47,1.94,0.70,0.00
Kévin Gameiro,FRA,FW,Strasbourg,36.0,1987,14.3,0.70,0.70,0.35,0.21,0.14,0.14,1.12,12.5,0.98,0.49,0.00,0.49,0.21,0.91,0.49,0.00
Ignatius Ganago,CMR,FW,Nantes,25.0,1999,2.0,0.00,0.00,0.00,0.00,0.00,0.00,0.50,0.0,0.50,0.50,0.00,0.50,0.50,0.50,0.50,0.00
Ulisses Garcia,SUI,DF,Marseille,28.0,1996,8.3,2.41,1.81,0.72,1.45,0.24,1.45,2.17,66.7,0.72,0.84,0.36,0.48,0.84,3.25,1.57,0.12
Johan Gastien,FRA,MF,Clermont Foot,36.0,1988,22.7,1.81,0.88,0.79,0.88,0.13,1.01,3.22,31.5,2.20,1.23,0.40,0.84,1.45,3.26,1.01,0.13
Yann Gboho,FRA,MF,Toulouse,23.0,2001,10.3,1.26,0.39,0.58,0.49,0.19,0.68,1.65,41.2,0.97,1.75,0.10,1.65,0.39,1.65,0.19,0.00
Gelabert,ESP,MF,Toulouse,23.0,2000,8.4,1.67,0.95,0.60,0.71,0.36,0.83,2.38,35.0,1.55,0.95,0.24,0.71,0.60,2.26,0.95,0.00
Denis Genreau,AUS,FW,Toulouse,24.0,1999,4.8,2.29,1.67,1.04,1.25,0.00,1.67,2.71,61.5,1.04,1.67,0.21,1.46,0.83,3.13,1.67,0.00
Samuel Gigot,FRA,DF,Marseille,30.0,1993,18.4,1.68,1.14,0.76,0.71,0.22,0.65,0.98,66.7,0.33,1.41,0.87,0.54,1.20,2.88,4.78,0.05
Aleksandr Golovin,RUS,MF,Monaco,27.0,1996,23.9,1.76,1.26,0.59,0.92,0.25,0.63,1.76,35.7,1.13,1.55,0.13,1.42,0.88,2.64,0.59,0.00
Angel Gomes,ENG,MF,Lille,23.0,2000,25.8,0.89,0.47,0.12,0.54,0.23,0.50,1.12,44.8,0.62,0.81,0.23,0.58,0.62,1.51,0.85,0.04
Maxime Gonalons,FRA,MF,Clermont Foot,35.0,1989,14.4,3.26,2.29,0.97,1.88,0.42,1.74,3.96,43.9,2.22,1.25,0.21,1.04,1.39,4.65,0.76,0.00
Mathieu Gorgelin,FRA,GK,Le Havre,33.0,1990,1.0,0.00,0.00,0.00,0.00,0.00,0.00,0.00,,0.00,0.00,0.00,0.00,0.00,0.00,0.00,0.00
Amine Gouiri,ALG,FW,Rennes,24.0,2000,20.8,0.87,0.43,0.19,0.48,0.19,0.34,0.82,41.2,0.48,0.77,0.00,0.77,0.53,1.39,0.58,0.00
Jonathan Gradit,FRA,DF,Lens,31.0,1992,20.5,1.37,0.78,0.59,0.63,0.15,0.73,1.46,50.0,0.73,1.17,0.59,0.59,1.66,3.02,2.44,0.00
Samuel Grandsir,FRA,MF,Le Havre,27.0,1996,6.2,2.10,1.45,0.48,1.29,0.32,0.81,2.42,33.3,1.61,0.65,0.00,0.65,0.48,2.58,0.48,0.16
Adrian Grbić,AUT,FW,Lorient,27.0,1996,0.3,0.00,0.00,0.00,0.00,0.00,0.00,0.00,,0.00,0.00,0.00,0.00,0.00,0.00,0.00,0.00
Gabriel Gudmundsson,SWE,DF,Lille,25.0,1999,13.1,1.53,1.07,0.53,0.92,0.08,0.84,1.45,57.9,0.61,0.92,0.23,0.69,1.07,2.60,1.68,0.00
Axel Gueguin,FRA,DF,Montpellier,19.0,2005,1.5,6.00,3.33,4.00,1.33,0.67,1.33,4.00,33.3,2.67,1.33,0.00,1.33,1.33,7.33,4.00,0.00
Mattéo Guendouzi,FRA,MF,Marseille,25.0,1999,0.2,0.00,0.00,0.00,0.00,0.00,0.00,0.00,,0.00,5.00,5.00,0.00,0.00,0.00,0.00,0.00
Evann Guessand,FRA,FW,Nice,22.0,2001,16.0,0.94,0.38,0.13,0.44,0.38,0.31,0.38,83.3,0.06,0.63,0.06,0.56,0.56,1.50,0.38,0.00
Pape Gueye,SEN,MF,Marseille,25.0,1999,6.2,4.19,2.58,1.29,2.58,0.32,1.77,2.74,64.7,0.97,1.94,0.48,1.45,1.77,5.97,1.61,0.00
Morgan Guilavogui,GUI,FW,Lens,26.0,1998,6.0,3.00,1.50,0.50,1.83,0.67,0.83,1.83,45.5,1.00,1.67,0.17,1.50,0.67,3.67,0.50,0.00
Frederic Guilbert,FRA,DF,Strasbourg,29.0,1994,24.7,3.16,1.82,1.82,1.01,0.32,1.70,2.71,62.7,1.01,1.38,0.32,1.05,2.67,5.83,3.32,0.04
Jaouen Hadjam,ALG,DF,Nantes,21.0,2003,1.2,5.00,3.33,4.17,0.83,0.00,0.83,1.67,50.0,0.83,0.00,0.00,0.00,2.50,7.50,1.67,0.00
Massadio Haïdara,MLI,DF,Lens,31.0,1992,7.7,1.04,0.91,0.52,0.39,0.13,0.39,0.65,60.0,0.26,0.78,0.13,0.65,1.30,2.34,3.51,0.39
Oualid El Hajjam,MAR,DF,Le Havre,33.0,1991,4.0,2.00,1.75,1.25,0.50,0.25,0.50,2.00,25.0,1.50,1.25,0.25,1.00,1.50,3.50,2.50,0.00
Achraf Hakimi,MAR,DF,Paris S-G,25.0,1998,21.3,1.36,0.89,0.66,0.42,0.28,0.80,1.60,50.0,0.80,1.31,0.19,1.13,0.56,1.92,1.31,0.09
Amine Harit,MAR,MF,Marseille,26.0,1997,19.9,1.31,0.75,0.30,0.85,0.15,0.55,1.76,31.4,1.21,1.51,0.20,1.31,0.60,1.91,0.15,0.00
Silvan Hefti,SUI,DF,Montpellier,26.0,1997,5.9,2.54,1.69,1.19,0.85,0.51,1.86,3.73,50.0,1.86,0.85,0.17,0.68,1.02,3.56,1.53,0.00
Henrique,BRA,DF,Lyon,30.0,1994,5.9,1.53,0.85,1.02,0.51,0.00,1.02,1.86,54.5,0.85,1.19,0.34,0.85,1.69,3.22,0.51,0.00
Luis Henrique,BRA,FW,Marseille,22.0,2001,6.2,0.81,0.81,0.48,0.16,0.16,0.32,0.81,40.0,0.48,0.97,0.00,0.97,0.65,1.45,0.32,0.00
Christophe Hérelle,MTQ,DF,Metz,31.0,1992,16.0,1.75,0.88,1.31,0.38,0.06,0.63,1.25,50.0,0.63,1.00,0.56,0.44,0.94,2.69,3.94,0.13
Lucas Hernández,FRA,DF,Paris S-G,28.0,1996,21.2,2.45,1.70,1.32,0.71,0.42,1.37,2.36,58.0,0.99,0.99,0.24,0.75,1.27,3.73,1.79,0.00
Andrej Ilic,SRB,FW,Lille,24.0,2000,0.1,0.00,0.00,0.00,0.00,0.00,0.00,0.00,,0.00,0.00,0.00,0.00,0.00,0.00,0.00,0.00
Bonke Innocent,NGA,MF,Lorient,28.0,1996,2.3,2.61,1.74,0.87,0.87,0.87,0.87,3.91,22.2,3.04,0.87,0.43,0.43,1.74,4.35,0.87,0.00
Ismaily,BRA,DF,Lille,34.0,1990,24.4,2.58,1.72,1.19,0.90,0.49,1.11,2.17,50.9,1.07,1.23,0.25,0.98,1.19,3.77,2.70,0.00
Junya Ito,JPN,FW,Reims,31.0,1993,27.2,1.07,0.51,0.40,0.44,0.22,0.29,1.10,26.7,0.81,0.66,0.04,0.63,0.40,1.47,0.26,0.00
Jérémy Jacquet,FRA,MF,Rennes,18.0,2005,0.1,10.0,10.0,10.0,0.00,0.00,0.00,10.0,0.0,10.0,0.00,0.00,0.00,10.0,20.0,0.00,0.00
Jérémy Jacquet,FRA,DF,Clermont Foot,18.0,2005,0.5,6.00,4.00,6.00,0.00,0.00,4.00,4.00,100.0,0.00,6.00,2.00,4.00,6.00,12.0,4.00,0.00
Ismail Jakobs,SEN,DF,Monaco,24.0,1999,16.3,3.50,2.52,1.66,1.29,0.55,1.78,2.88,61.7,1.10,1.17,0.12,1.04,0.67,4.17,2.45,0.00
Ablie Jallow,GAM,MF,Metz,25.0,1998,9.3,0.65,0.32,0.00,0.32,0.32,0.22,0.43,50.0,0.22,0.43,0.00,0.43,0.75,1.40,0.22,0.00
Danley Jean-Jacques,HAI,MF,Metz,23.0,2000,27.8,1.76,0.90,0.79,0.68,0.29,0.65,1.91,34.0,1.26,1.69,0.25,1.44,1.47,3.24,1.40,0.00
Jeffinho,BRA,FW,Lyon,24.0,1999,3.4,3.24,1.18,0.88,1.47,0.88,1.18,3.24,36.4,2.06,0.29,0.00,0.29,0.00,3.24,0.00,0.00
Antoine Joujou,FRA,FW,Le Havre,21.0,2003,7.8,2.44,1.41,0.77,0.90,0.77,1.41,2.69,52.4,1.28,1.03,0.26,0.77,0.64,3.08,0.64,0.00
Christopher Jullien,FRA,DF,Montpellier,31.0,1993,10.7,0.93,0.65,0.84,0.09,0.00,0.47,1.31,35.7,0.84,2.15,1.78,0.37,0.65,1.59,8.13,0.09
Eli Junior Kroupi,FRA,FW,Lorient,17.0,2006,11.6,0.60,0.34,0.17,0.17,0.26,0.09,0.69,12.5,0.60,0.43,0.00,0.43,0.86,1.47,0.43,0.00
Abdoul Kader Bamba,FRA,FW,Nantes,29.0,1994,6.3,1.59,1.11,0.32,0.79,0.48,0.79,2.06,38.5,1.27,0.63,0.00,0.63,0.63,2.22,0.63,0.16
Yaya Kader Fofana,MLI,MF,Reims,19.0,2004,0.3,10.0,10.0,3.33,3.33,3.33,0.00,0.00,,0.00,0.00,0.00,0.00,3.33,13.3,0.00,0.00
Tino Kadewere,ZIM,FW,Lyon,28.0,1996,3.3,0.30,0.30,0.00,0.30,0.00,0.30,1.52,20.0,1.21,0.91,0.30,0.61,1.52,1.82,2.12,0.00
Tino Kadewere,ZIM,FW,Nantes,28.0,1996,6.7,0.75,0.30,0.30,0.45,0.00,0.60,1.34,44.4,0.75,1.34,0.15,1.19,1.34,2.09,0.90,0.00
Arnaud Kalimuendo,FRA,FW,Rennes,22.0,2002,21.8,0.23,0.18,0.09,0.09,0.05,0.09,0.23,40.0,0.14,0.55,0.09,0.46,0.18,0.41,0.18,0.00
Gedeon Kalulu,COD,DF,Lorient,26.0,1997,10.3,2.14,1.55,1.26,0.78,0.10,1.07,2.04,52.4,0.97,1.75,0.19,1.55,0.49,2.62,2.91,0.00
Waren Kamanzi,NOR,DF,Toulouse,23.0,2000,12.3,2.68,1.87,1.22,1.14,0.33,0.98,1.79,54.5,0.81,0.89,0.24,0.65,0.65,3.33,2.68,0.00
Lee Kang-in,KOR,MF,Paris S-G,23.0,2001,13.8,1.74,0.80,0.36,0.65,0.72,1.01,2.46,41.2,1.45,0.51,0.00,0.51,0.36,2.10,0.22,0.00
Yann Karamoh,FRA,FW,Montpellier,25.0,1998,1.7,0.00,0.00,0.00,0.00,0.00,0.00,0.59,0.0,0.59,1.18,0.00,1.18,0.00,0.00,0.00,0.00
Ayman Kari,FRA,MF,Lorient,19.0,2004,9.9,1.82,1.41,0.91,0.91,0.00,1.21,1.92,63.2,0.71,1.92,0.20,1.72,0.61,2.42,0.91,0.10
Panos Katseris,GRE,DF,Lorient,22.0,2001,9.1,2.53,1.87,1.54,0.77,0.22,1.65,2.53,65.2,0.88,1.87,0.33,1.54,0.88,3.41,1.54,0.00
Kévin Keben Biakolo,CMR,DF,Toulouse,20.0,2004,4.2,0.71,0.48,0.71,0.00,0.00,0.48,0.95,50.0,0.48,1.19,0.00,1.19,0.95,1.67,3.10,0.00
Yassine Kechta,MAR,MF,Le Havre,22.0,2002,18.9,2.33,1.22,1.16,1.01,0.16,1.53,3.60,42.6,2.06,1.01,0.16,0.85,1.22,3.54,0.74,0.05
Thilo Kehrer,GER,DF,Monaco,27.0,1996,11.7,1.79,1.28,1.28,0.34,0.17,1.20,2.22,53.8,1.03,1.37,0.43,0.94,1.54,3.33,3.68,0.00
Habib Keita,MLI,MF,Clermont Foot,22.0,2002,13.6,2.43,1.40,0.96,1.10,0.37,1.18,1.99,59.3,0.81,1.99,0.74,1.25,2.06,4.49,2.13,0.00
Reda Khadra,GER,FW,Reims,22.0,2001,14.1,0.92,0.57,0.35,0.21,0.35,0.50,1.21,41.2,0.71,0.50,0.07,0.43,0.21,1.13,0.71,0.00
Wahbi Khazri,TUN,FW,Montpellier,33.0,1991,12.2,1.97,1.39,0.66,0.98,0.33,1.15,2.70,42.4,1.56,0.74,0.00,0.74,0.25,2.21,0.57,0.00
Philipp Köhn,SUI,GK,Monaco,26.0,1998,22.0,0.05,0.05,0.05,0.00,0.00,0.05,0.05,100.0,0.00,0.00,0.00,0.00,0.05,0.09,0.23,0.14
Randal Kolo Muani,FRA,FW,Paris S-G,25.0,1998,13.8,0.65,0.58,0.36,0.14,0.14,0.29,0.87,33.3,0.58,0.36,0.00,0.36,0.29,0.94,0.72,0.00
Geoffrey Kondogbia,CTA,MF,Marseille,31.0,1993,14.9,2.89,1.88,1.14,1.48,0.27,0.81,1.81,44.4,1.01,1.28,0.20,1.07,2.01,4.90,1.61,0.00
Amadou Koné,MLI,MF,Reims,18.0,2005,3.3,2.12,1.52,1.82,0.30,0.00,0.61,1.82,33.3,1.21,1.52,0.00,1.52,1.21,3.33,2.12,0.00
Ibrahima Koné,MLI,FW,Lorient,24.0,1999,0.4,0.00,0.00,0.00,0.00,0.00,0.00,2.50,0.0,2.50,0.00,0.00,0.00,0.00,0.00,0.00,0.00
Koffi Kouao,CIV,DF,Metz,25.0,1998,9.5,2.11,1.37,1.26,0.74,0.11,1.16,1.79,64.7,0.63,0.95,0.63,0.32,1.37,3.47,4.00,0.11
Therence Koudou,FRA,DF,Reims,19.0,2004,3.5,0.57,0.57,0.29,0.29,0.00,0.00,0.57,0.0,0.57,1.14,0.86,0.29,1.14,1.71,2.57,0.00
Boubakar Kouyaté,MLI,DF,Montpellier,27.0,1997,20.4,2.16,1.37,1.72,0.34,0.10,1.27,2.35,54.2,1.08,1.42,0.88,0.54,1.37,3.53,5.78,0.05
Sael Kumbedi,FRA,DF,Lyon,19.0,2005,10.3,2.91,1.94,1.36,1.17,0.39,0.87,2.14,40.9,1.26,1.17,0.29,0.87,1.36,4.27,1.75,0.19
Layvin Kurzawa,FRA,DF,Paris S-G,31.0,1992,0.1,0.00,0.00,0.00,0.00,0.00,0.00,0.00,,0.00,0.00,0.00,0.00,0.00,0.00,0.00,0.00
Daler Kuzyaev,RUS,MF,Le Havre,31.0,1993,22.1,1.45,0.81,0.50,0.59,0.36,0.68,1.90,35.7,1.22,0.77,0.18,0.59,0.95,2.40,0.81,0.05
Grejohn Kyei,FRA,FW,Clermont Foot,28.0,1995,9.6,0.63,0.42,0.21,0.21,0.21,0.21,0.31,66.7,0.10,0.21,0.00,0.21,0.10,0.73,0.63,0.00
Gaëtan Laborde,FRA,FW,Nice,30.0,1994,19.8,0.76,0.56,0.40,0.15,0.20,0.51,1.31,38.5,0.81,1.01,0.10,0.91,0.30,1.06,0.40,0.05
Alexandre Lacazette,FRA,FW,Lyon,32.0,1991,23.3,0.82,0.52,0.34,0.39,0.09,0.21,0.69,31.3,0.47,0.94,0.13,0.82,0.34,1.16,0.39,0.00
Alban Lafont,FRA,GK,Nantes,25.0,1999,24.7,0.00,0.00,0.00,0.00,0.00,0.00,0.08,0.0,0.08,0.00,0.00,0.00,0.00,0.00,0.36,0.00
Kenny Lala,MAD,DF,Brest,32.0,1991,30.0,2.47,1.57,1.20,0.90,0.37,0.97,1.83,52.7,0.87,0.80,0.13,0.67,0.87,3.33,2.27,0.03
Mathis Lambourde,FRA,FW,Rennes,18.0,2006,0.1,0.00,0.00,0.00,0.00,0.00,0.00,10.0,0.0,10.0,10.0,0.00,10.0,0.00,0.00,10.0,0.00
Mohamed Lamine Bayo,GUI,FW,Le Havre,25.0,1998,15.2,0.86,0.33,0.13,0.33,0.39,0.13,0.66,20.0,0.53,0.53,0.07,0.46,0.13,0.99,0.72,0.00
Didier Lamkel Zé,CMR,FW,Metz,27.0,1996,6.1,1.15,0.33,0.33,0.66,0.16,0.33,0.82,40.0,0.49,0.66,0.00,0.66,0.00,1.15,1.80,0.00
Julien Laporte,FRA,DF,Lorient,30.0,1993,17.2,1.16,0.70,0.76,0.35,0.06,0.76,1.80,41.9,1.05,1.80,1.28,0.52,0.47,1.63,5.41,0.06
Théo Le Bris,FRA,DF,Lorient,21.0,2002,16.8,2.08,1.31,1.49,0.42,0.18,1.13,2.38,47.5,1.25,1.43,0.18,1.25,0.71,2.80,2.50,0.00
Julien Le Cardinal,FRA,DF,Brest,26.0,1997,5.3,3.58,2.08,2.08,1.32,0.19,1.51,2.26,66.7,0.75,1.13,0.57,0.57,2.45,6.04,4.91,0.00
Julien Le Cardinal,FRA,DF,Lens,26.0,1997,0.6,10.0,3.33,6.67,3.33,0.00,6.67,15.0,44.4,8.33,3.33,1.67,1.67,0.00,10.0,0.00,0.00
Jérémy Le Douaron,FRA,FW,Brest,26.0,1998,16.9,1.24,0.59,0.41,0.53,0.30,0.65,1.54,42.3,0.89,0.83,0.06,0.77,0.12,1.36,0.53,0.00
Enzo Le Fée,FRA,MF,Rennes,24.0,2000,14.9,2.82,2.01,1.28,1.01,0.54,1.34,2.82,47.6,1.48,1.07,0.20,0.87,1.14,3.96,1.14,0.00
Vincent Le Goff,FRA,DF,Lorient,34.0,1989,6.0,0.83,0.00,0.67,0.00,0.17,0.67,1.33,50.0,0.67,1.83,0.50,1.33,0.50,1.33,1.67,0.00
Adrien Lebeau,FRA,MF,Brest,24.0,1999,0.5,0.00,0.00,0.00,0.00,0.00,0.00,6.00,0.0,6.00,2.00,2.00,0.00,0.00,0.00,2.00,0.00
Benjamin Lecomte,FRA,GK,Montpellier,33.0,1991,30.0,0.00,0.00,0.00,0.00,0.00,0.00,0.03,0.0,0.03,0.00,0.00,0.00,0.00,0.00,0.53,0.03
Pierre Lees-Melou,FRA,MF,Brest,30.0,1993,27.7,3.43,2.38,1.84,1.44,0.14,1.73,4.62,37.5,2.89,2.13,0.40,1.73,1.52,4.95,2.31,0.11
Johann Lepenant,FRA,MF,Lyon,21.0,2002,2.8,1.43,1.07,0.71,0.71,0.00,0.36,2.86,12.5,2.50,1.79,0.00,1.79,1.43,2.86,0.00,0.00
Léo Leroy,FRA,MF,Montpellier,24.0,2000,4.1,3.66,1.71,1.46,1.46,0.73,0.98,4.15,23.5,3.17,2.44,0.49,1.95,0.98,4.63,1.95,0.00
Gautier Lloris,FRA,DF,Le Havre,28.0,1995,27.9,1.65,0.93,1.33,0.29,0.04,0.93,1.43,65.0,0.50,1.76,1.04,0.72,1.00,2.65,4.55,0.04
Abou Lô,SEN,DF,Metz,24.0,2000,1.9,0.53,0.00,0.53,0.00,0.00,0.53,2.11,25.0,1.58,2.63,1.05,1.58,1.58,2.11,3.68,0.00
Bradley Locko,FRA,DF,Brest,21.0,2002,30.9,3.11,1.78,1.81,1.10,0.19,1.52,2.46,61.8,0.94,0.87,0.03,0.84,1.26,4.37,2.14,0.00
Renan Lodi,BRA,DF,Marseille,26.0,1998,13.7,1.75,1.17,0.58,0.95,0.22,0.95,1.53,61.9,0.58,0.51,0.15,0.36,1.17,2.92,2.55,0.00
Andy Logbo,FRA,FW,Le Havre,19.0,2004,2.8,0.00,0.00,0.00,0.00,0.00,0.00,1.07,0.0,1.07,2.50,1.07,1.43,0.00,0.00,0.71,0.00
Anthony Lopes,POR,GK,Lyon,33.0,1990,28.0,0.00,0.00,0.00,0.00,0.00,0.00,0.00,,0.00,0.00,0.00,0.00,0.00,0.00,0.54,0.00
Pau López,ESP,GK,Marseille,29.0,1994,29.7,0.00,0.00,0.00,0.00,0.00,0.00,0.07,0.0,0.07,0.00,0.00,0.00,0.00,0.00,0.30,0.03
Jordan Lotomba,SUI,DF,Nice,25.0,1998,18.8,1.81,1.38,0.96,0.43,0.43,1.28,1.81,70.6,0.53,1.54,0.48,1.06,0.74,2.55,1.33,0.00
Tom Louchet,FRA,MF,Nice,20.0,2003,3.5,3.14,0.86,0.86,1.71,0.57,1.43,2.57,55.6,1.14,2.00,0.86,1.14,0.29,3.43,2.00,0.00
Imran Louza,MAR,MF,Lorient,25.0,1999,7.4,1.35,0.54,0.27,0.81,0.27,0.27,0.81,33.3,0.54,0.95,0.14,0.81,0.81,2.16,0.41,0.00
Dejan Lovren,CRO,DF,Lyon,34.0,1989,8.0,1.13,0.88,0.75,0.38,0.00,0.38,0.88,42.9,0.50,0.75,0.63,0.13,1.50,2.63,4.63,0.00
Joshua M'Bahia,CIV,DF,Clermont Foot,19.0,2005,0.2,,0.00,,,,,,,,,,,0.00,,,
Deiver Machado,COL,DF,Lens,30.0,1993,9.6,1.25,0.83,0.42,0.73,0.10,0.83,1.25,66.7,0.42,1.04,0.21,0.83,0.52,1.77,0.63,0.00
Soungoutou Magassa,FRA,DF,Monaco,20.0,2003,13.8,3.70,1.81,1.59,2.03,0.07,1.67,2.97,56.1,1.30,1.52,0.29,1.23,1.52,5.22,2.61,0.14
Hugo Magnetti,FRA,MF,Brest,25.0,1998,23.0,1.91,1.09,0.74,0.96,0.22,0.96,2.30,41.5,1.35,0.78,0.04,0.74,0.57,2.48,0.74,0.00
Yohann Magnin,FRA,MF,Clermont Foot,26.0,1997,15.9,2.52,1.57,0.63,1.64,0.25,1.13,2.26,50.0,1.13,2.01,0.44,1.57,0.94,3.46,1.38,0.00
Frank Magri,CMR,FW,Toulouse,24.0,1999,15.5,1.35,0.84,0.32,0.71,0.32,0.90,1.29,70.0,0.39,1.03,0.26,0.77,0.26,1.61,1.10,0.00
Adel Mahamoud,COM,FW,Nantes,21.0,2003,0.1,0.00,0.00,0.00,0.00,0.00,0.00,10.0,0.0,10.0,0.00,0.00,0.00,0.00,0.00,0.00,0.00
Habib Maïga,CIV,MF,Metz,28.0,1996,1.6,1.25,1.25,0.63,0.00,0.63,0.63,1.88,33.3,1.25,1.25,0.00,1.25,2.50,3.75,1.25,0.00
Ainsley Maitland-Niles,ENG,DF,Lyon,26.0,1997,15.2,2.17,1.12,0.72,0.92,0.53,1.18,2.30,51.4,1.12,0.86,0.26,0.59,1.12,3.29,1.71,0.07
Radosław Majecki,POL,GK,Monaco,24.0,1999,9.0,0.00,0.00,0.00,0.00,0.00,0.00,0.00,,0.00,0.11,0.00,0.11,0.00,0.00,0.22,0.11
Lovro Majer,CRO,MF,Rennes,26.0,1998,0.2,0.00,0.00,0.00,0.00,0.00,0.00,0.00,,0.00,0.00,0.00,0.00,0.00,0.00,5.00,0.00
Jean-Victor Makengo,FRA,MF,Lorient,25.0,1998,5.3,0.94,0.75,0.57,0.38,0.00,0.38,1.13,33.3,0.75,2.26,0.19,2.08,1.51,2.45,0.94,0.00
Aaron Malouda,FRA,FW,Lille,18.0,2005,0.0,0,0,0,0,0,0,0,,0,0,0,0,0,0,0,0
Hianga Mananga Mbock,FRA,MF,Brest,24.0,1999,0.1,10.0,0.00,0.00,0.00,10.0,10.0,20.0,50.0,10.0,0.00,0.00,0.00,10.0,20.0,0.00,0.00
Steve Mandanda,FRA,GK,Rennes,39.0,1985,31.0,0.06,0.00,0.06,0.00,0.00,0.06,0.13,50.0,0.06,0.00,0.00,0.00,0.00,0.06,0.19,0.03
Orel Mangala,BEL,MF,Lyon,26.0,1998,2.9,1.72,1.03,0.00,0.69,1.03,0.34,1.03,33.3,0.69,0.69,0.69,0.00,1.38,3.10,1.38,0.00
Faitout Maouassa,FRA,MF,Lens,25.0,1998,0.8,1.25,1.25,1.25,0.00,0.00,1.25,1.25,100.0,0.00,1.25,0.00,1.25,0.00,1.25,3.75,0.00
Guillermo Maripán,CHI,DF,Monaco,29.0,1994,19.6,1.12,0.41,0.77,0.31,0.05,0.51,1.38,37.0,0.87,1.33,0.66,0.66,1.53,2.65,5.41,0.20
Marquinhos,BRA,FW,Nantes,21.0,2003,1.7,1.76,1.18,1.18,0.00,0.59,0.59,2.35,25.0,1.76,4.12,1.18,2.94,3.53,5.29,0.59,0.00
Marquinhos,BRA,DF,Paris S-G,29.0,1994,16.1,1.12,0.62,0.56,0.43,0.12,0.62,0.99,62.5,0.37,1.68,1.12,0.56,0.99,2.11,3.35,0.00
Jonas Martin,FRA,MF,Brest,34.0,1990,11.7,3.16,1.97,1.37,1.71,0.09,1.37,2.56,53.3,1.20,1.20,0.17,1.03,0.60,3.76,2.05,0.17
Clinton Mata,ANG,DF,Lyon,31.0,1992,21.7,1.61,0.97,1.06,0.37,0.18,0.83,1.47,56.3,0.65,1.47,0.74,0.74,1.61,3.23,2.30,0.00
Eliot Matazo,BEL,MF,Monaco,22.0,2002,1.1,2.73,0.91,0.00,2.73,0.00,1.82,3.64,50.0,1.82,0.91,0.91,0.00,2.73,5.45,0.00,0.00
Nemanja Matić,SRB,MF,Rennes,35.0,1988,11.4,1.67,0.88,0.61,0.79,0.26,0.79,1.05,75.0,0.26,1.32,0.61,0.70,2.37,4.04,1.67,0.00
Nemanja Matić,SRB,MF,Lyon,35.0,1988,11.3,1.42,0.88,0.71,0.53,0.18,0.80,1.42,56.3,0.62,1.33,0.53,0.80,1.33,2.74,1.24,0.00
Chrislain Matsima,FRA,DF,Clermont Foot,21.0,2002,11.1,1.17,0.72,0.54,0.63,0.00,0.63,1.17,53.8,0.54,0.90,0.72,0.18,1.17,2.34,5.05,0.09
Chrislain Matsima,FRA,DF,Monaco,21.0,2002,3.3,2.73,2.12,1.52,0.91,0.30,0.61,2.12,28.6,1.52,1.21,0.30,0.91,1.21,3.94,1.21,0.00
Azor Matusiwa,NED,MF,Reims,26.0,1998,15.4,2.53,1.75,1.10,1.23,0.19,1.43,2.08,68.8,0.65,1.36,0.19,1.17,2.14,4.68,2.08,0.06
Azor Matusiwa,NED,MF,Rennes,26.0,1998,6.8,0.44,0.00,0.29,0.15,0.00,0.29,0.29,100.0,0.00,1.18,0.29,0.88,1.18,1.62,2.35,0.00
Aïman Maurer,MAR,MF,Clermont Foot,19.0,2004,0.6,1.67,1.67,1.67,0.00,0.00,1.67,5.00,33.3,3.33,0.00,0.00,0.00,0.00,1.67,0.00,0.00
Christian Mawissa,FRA,DF,Toulouse,19.0,2005,11.7,1.71,1.11,1.11,0.34,0.26,0.77,1.79,42.9,1.03,1.79,0.94,0.85,1.79,3.50,3.25,0.09
Noam Mayoka-Tika,BEL,MF,Marseille,20.0,2003,0.0,0,0,0,0,0,0,0,,0,0,0,0,0,0,0,0
Senny Mayulu,FRA,FW,Paris S-G,17.0,2006,2.4,3.75,2.50,2.08,1.25,0.42,1.67,2.08,80.0,0.42,0.00,0.00,0.00,1.25,5.00,0.00,0.00
Youssef Maziz,FRA,FW,Metz,25.0,1998,1.4,0.00,0.00,0.00,0.00,0.00,0.00,1.43,0.0,1.43,0.71,0.00,0.71,0.71,0.71,1.43,0.00
Ethan Mbappé,FRA,DF,Paris S-G,17.0,2006,0.2,0.00,0.00,0.00,0.00,0.00,0.00,10.0,0.0,10.0,5.00,0.00,5.00,0.00,0.00,0.00,0.00
Kylian Mbappé,FRA,FW,Paris S-G,25.0,1998,23.0,0.17,0.04,0.04,0.04,0.09,0.17,0.39,44.4,0.22,0.17,0.00,0.17,0.09,0.26,0.09,0.00
Malick Mbaye,SEN,MF,Metz,20.0,2004,1.7,2.94,0.59,0.00,0.59,2.35,0.59,1.18,50.0,0.59,0.59,0.00,0.59,0.59,3.53,1.18,0.00
Chancel Mbemba,COD,DF,Marseille,29.0,1994,21.5,1.30,0.88,1.12,0.14,0.05,0.70,1.12,62.5,0.42,0.84,0.51,0.33,0.60,1.91,4.19,0.00
Nolan Mbemba,CGO,MF,Le Havre,29.0,1995,0.2,10.0,5.00,0.00,5.00,5.00,5.00,10.0,50.0,5.00,0.00,0.00,0.00,0.00,10.0,0.00,0.00
Christ Mbondi,FRA,FW,Reims,19.0,2004,0.0,1,1,1,0,0,1,1,100.0,0,0,0,0,0,1,0,0
Facundo Medina,ARG,DF,Lens,24.0,1999,27.2,1.99,1.18,0.77,0.96,0.26,1.40,2.17,64.4,0.77,1.32,0.48,0.85,0.74,2.72,1.80,0.07
Bamo Meïté,CIV,DF,Marseille,22.0,2001,6.4,2.34,1.56,2.03,0.31,0.00,1.25,1.72,72.7,0.47,1.72,0.78,0.94,1.72,4.06,4.84,0.00
Bamo Meïté,CIV,DF,Lorient,22.0,2001,1.6,1.25,0.63,1.25,0.00,0.00,0.00,0.63,0.0,0.63,1.88,1.25,0.63,1.88,3.13,5.63,0.00
Birger Meling,NOR,DF,Rennes,29.0,1994,0.2,5.00,5.00,5.00,0.00,0.00,5.00,5.00,100.0,0.00,5.00,0.00,5.00,0.00,5.00,0.00,0.00
Nuno Mendes,POR,DF,Paris S-G,21.0,2002,2.1,1.90,1.90,1.43,0.48,0.00,1.90,3.33,57.1,1.43,1.43,0.00,1.43,0.95,2.86,0.48,0.00
Antoine Mendy,FRA,DF,Nice,19.0,2004,2.6,2.69,1.92,1.54,1.15,0.00,1.15,1.92,60.0,0.77,1.54,0.38,1.15,1.54,4.23,3.85,0.00
Benjamin Mendy,FRA,DF,Lorient,29.0,1994,5.7,0.35,0.18,0.35,0.00,0.00,0.18,0.88,20.0,0.70,1.40,0.35,1.05,1.05,1.40,1.75,0.00
Formose Mendy,SEN,DF,Lorient,23.0,2001,12.6,2.14,1.19,1.67,0.40,0.08,1.27,2.22,57.1,0.95,1.75,0.87,0.87,1.51,3.65,4.29,0.08
Nampalys Mendy,SEN,MF,Lens,31.0,1992,8.7,2.30,1.61,0.80,0.92,0.57,1.26,1.72,73.3,0.46,1.26,0.46,0.80,1.15,3.45,1.15,0.11
Quentin Merlin,FRA,DF,Marseille,21.0,2002,6.7,1.79,1.64,1.04,0.60,0.15,1.04,2.54,41.2,1.49,0.30,0.00,0.30,0.60,2.39,1.79,0.00
Quentin Merlin,FRA,DF,Nantes,21.0,2002,14.3,2.03,1.40,1.05,0.84,0.14,1.12,1.75,64.0,0.63,1.54,0.07,1.47,1.26,3.29,1.54,0.00
Bastien Meupiyou,FRA,DF,Nantes,18.0,2006,0.1,0.00,0.00,0.00,0.00,0.00,0.00,0.00,,0.00,0.00,0.00,0.00,0.00,0.00,10.0,0.00
Georges Mikautadze,GEO,FW,Metz,23.0,2000,16.4,0.12,0.12,0.00,0.12,0.00,0.00,0.43,0.0,0.43,0.55,0.00,0.55,0.49,0.61,0.18,0.00
Takumi Minamino,JPN,MF,Monaco,29.0,1995,22.4,1.47,0.71,0.40,0.58,0.49,0.71,2.28,31.4,1.56,1.25,0.04,1.21,0.49,1.96,0.36,0.00
Lucas Mincarelli,FRA,DF,Montpellier,20.0,2004,10.0,2.80,1.50,1.90,0.60,0.30,1.60,3.20,50.0,1.60,1.50,0.40,1.10,0.70,3.50,2.60,0.00
Ignacio Miramon,ARG,MF,Lille,20.0,2003,0.4,2.50,0.00,0.00,2.50,0.00,0.00,2.50,0.0,2.50,2.50,0.00,2.50,0.00,2.50,0.00,0.00
Terem Moffi,NGA,FW,Nice,24.0,1999,20.0,0.30,0.15,0.00,0.25,0.05,0.15,0.55,27.3,0.40,0.70,0.05,0.65,0.15,0.45,0.75,0.00
Mostafa Mohamed,EGY,FW,Nantes,26.0,1997,21.0,1.00,0.67,0.33,0.52,0.14,0.29,1.14,25.0,0.86,0.90,0.19,0.71,0.52,1.52,1.29,0.00
Dion Moise Sahi,CIV,MF,Strasbourg,22.0,2001,6.0,0.83,0.83,0.17,0.33,0.33,0.00,0.50,0.0,0.50,1.83,0.17,1.67,0.17,1.00,1.00,0.00
Florent Mollet,FRA,MF,Nantes,32.0,1991,22.1,0.77,0.50,0.32,0.27,0.18,0.45,1.40,32.3,0.95,0.81,0.23,0.59,0.59,1.36,0.77,0.00
Enzo Mongo,FRA,DF,Nantes,19.0,2005,0.1,10.0,10.0,10.0,0.00,0.00,10.0,20.0,50.0,10.0,10.0,10.0,0.00,10.0,20.0,0.00,0.00
Diego Moreira,POR,FW,Lyon,19.0,2004,3.0,0.00,0.00,0.00,0.00,0.00,0.00,1.00,0.0,1.00,1.00,0.00,1.00,0.67,0.67,1.67,0.00
Lebo Mothiba,RSA,FW,Strasbourg,28.0,1996,6.9,0.72,0.29,0.14,0.58,0.00,0.43,0.58,75.0,0.14,0.87,0.14,0.72,0.00,0.72,1.59,0.00
Steve Mounié,BEN,FW,Brest,29.0,1994,16.8,0.42,0.36,0.00,0.18,0.24,0.12,0.54,22.2,0.42,0.77,0.18,0.60,0.12,0.54,0.89,0.00
Samuel Moutoussamy,COD,MF,Nantes,27.0,1996,10.4,2.60,1.35,1.06,0.96,0.58,1.35,2.79,48.3,1.44,1.44,0.29,1.15,0.77,3.37,1.06,0.00
Loris Mouyokolo,FRA,DF,Lorient,22.0,2001,1.0,4.00,1.00,4.00,0.00,0.00,1.00,1.00,100.0,0.00,1.00,0.00,1.00,0.00,4.00,3.00,0.00
François Mughe,CMR,MF,Marseille,19.0,2004,2.0,0.00,0.00,0.00,0.00,0.00,0.00,1.50,0.0,1.50,1.00,0.00,1.00,0.50,0.50,0.50,0.00
Joel Mugisha,NOR,DF,Lorient,21.0,2002,2.0,2.50,1.50,1.50,0.50,0.50,1.50,3.50,42.9,2.00,0.50,0.00,0.50,1.00,3.50,0.50,0.00
Nordi Mukiele,FRA,DF,Paris S-G,26.0,1997,7.0,1.43,1.00,0.71,0.57,0.14,1.00,1.86,53.8,0.86,2.29,0.57,1.71,1.57,3.00,3.86,0.00
Marshall Munetsi,ZIM,MF,Reims,27.0,1996,21.4,2.29,1.50,0.65,1.36,0.28,1.21,2.43,50.0,1.21,0.84,0.19,0.65,0.65,2.94,1.36,0.00
Yvon Mvogo,SUI,GK,Lorient,29.0,1994,31.0,0.00,0.00,0.00,0.00,0.00,0.00,0.03,0.0,0.03,0.00,0.00,0.00,0.00,0.00,0.45,0.10
Joel Mvuka,NOR,MF,Lorient,21.0,2002,0.2,,0.00,,,,,,,,,,,0.00,,,
Junior Mwanga,FRA,MF,Strasbourg,20.0,2003,16.0,2.50,1.25,1.44,0.75,0.31,0.75,1.50,50.0,0.75,1.13,0.31,0.81,1.13,3.63,1.19,0.00
Kévin N'Doram,FRA,MF,Metz,28.0,1996,14.8,1.82,1.28,1.22,0.47,0.14,1.15,2.30,50.0,1.15,0.88,0.34,0.54,1.55,3.38,2.23,0.00
Bilal Nadir,FRA,MF,Marseille,20.0,2003,1.3,3.08,2.31,1.54,1.54,0.00,0.77,1.54,50.0,0.77,0.00,0.00,0.00,1.54,4.62,1.54,0.00
Mahamadou Nagida,CMR,DF,Rennes,18.0,2005,1.2,0.83,0.83,0.00,0.00,0.83,0.00,1.67,0.0,1.67,1.67,0.83,0.83,3.33,4.17,0.00,0.00
Keito Nakamura,JPN,FW,Reims,23.0,2000,13.1,2.06,0.76,0.69,0.76,0.61,1.22,2.60,47.1,1.37,1.15,0.15,0.99,0.46,2.52,0.53,0.00
Keylor Navas,CRC,GK,Paris S-G,37.0,1986,3.0,0.00,0.00,0.00,0.00,0.00,0.00,0.00,,0.00,0.00,0.00,0.00,0.00,0.00,0.00,0.00
Youssouf Ndayishimiye,BDI,MF,Nice,25.0,1998,18.8,1.65,1.06,0.90,0.64,0.11,0.64,1.17,54.5,0.53,1.01,0.59,0.43,0.64,2.29,2.45,0.05
Bassirou Ndiaye,SEN,FW,Lorient,22.0,2002,1.7,,1.18,,,,,,,,,,,0.59,,,
Iliman Ndiaye,SEN,FW,Marseille,24.0,2000,17.3,1.16,0.98,0.23,0.64,0.29,0.64,1.56,40.7,0.92,0.75,0.12,0.64,0.35,1.50,0.35,0.00
Massamba Ndiaye,SEN,GK,Clermont Foot,22.0,2001,4.0,0.00,0.00,0.00,0.00,0.00,0.00,0.00,,0.00,0.00,0.00,0.00,0.00,0.00,0.50,0.00
Rassoul Ndiaye,SEN,MF,Le Havre,22.0,2001,5.8,4.31,2.93,1.38,2.76,0.17,2.07,4.14,50.0,2.07,0.34,0.17,0.17,0.69,5.00,0.86,0.00
Cher Ndour,ITA,MF,Paris S-G,19.0,2004,0.3,6.67,6.67,0.00,6.67,0.00,3.33,6.67,50.0,3.33,0.00,0.00,0.00,0.00,6.67,0.00,0.00
Joseph Nduquidi,FRA,MF,Metz,19.0,2004,8.3,1.33,0.48,0.72,0.36,0.24,0.12,1.08,11.1,0.96,1.33,0.36,0.96,1.33,2.65,1.81,0.12
Loïc Nego,HUN,DF,Le Havre,33.0,1991,17.1,2.16,1.52,1.23,0.70,0.23,1.05,1.75,60.0,0.70,0.70,0.12,0.58,0.94,3.10,0.99,0.00
Steve Ngoura,FRA,FW,Le Havre,19.0,2005,2.1,0.95,0.48,0.48,0.48,0.00,0.48,1.90,25.0,1.43,0.00,0.00,0.00,0.00,0.95,1.43,0.00
Shamar Nicholson,JAM,FW,Clermont Foot,27.0,1997,16.3,0.31,0.12,0.00,0.25,0.06,0.06,0.25,25.0,0.18,0.37,0.12,0.25,0.00,0.31,0.92,0.00
Rasmus Nicolaisen,DEN,DF,Toulouse,27.0,1997,30.6,1.50,0.95,1.14,0.36,0.00,0.75,1.34,56.1,0.59,1.44,1.08,0.36,1.27,2.78,5.00,0.03
Arnaud Nordin,FRA,FW,Montpellier,25.0,1998,13.8,0.87,0.43,0.22,0.36,0.29,0.43,1.16,37.5,0.72,0.80,0.00,0.80,0.14,1.01,0.72,0.00
Ernest Nuamah,GHA,FW,Lyon,20.0,2003,19.0,1.26,0.63,0.74,0.32,0.21,0.58,1.95,29.7,1.37,0.79,0.05,0.74,0.42,1.68,0.47,0.00
Gerzino Nyamsi,FRA,DF,Strasbourg,27.0,1997,12.1,1.49,1.16,1.07,0.41,0.00,0.99,1.49,66.7,0.50,1.57,0.91,0.66,0.83,2.31,3.55,0.00
Rabby Nzingoula,CGO,FW,Strasbourg,18.0,2005,0.6,3.33,3.33,0.00,3.33,0.00,3.33,5.00,66.7,1.67,1.67,0.00,1.67,3.33,6.67,0.00,0.00
Jake O'Brien,IRL,DF,Lyon,,,23.3,0.77,0.60,0.56,0.17,0.04,0.52,0.77,66.7,0.26,0.94,0.73,0.21,0.47,1.24,3.73,0.04
Florent Ogier,FRA,DF,Clermont Foot,35.0,1989,10.0,1.70,0.90,1.20,0.50,0.00,1.00,1.70,58.8,0.70,2.30,1.70,0.60,0.80,2.50,3.20,0.30
Joseph Okumu,KEN,DF,Reims,26.0,1997,19.4,2.27,1.44,1.44,0.72,0.10,1.24,1.96,63.2,0.72,1.39,0.98,0.41,1.80,4.07,5.77,0.10
Warmed Omari,FRA,DF,Rennes,24.0,2000,22.0,1.36,0.82,1.00,0.27,0.09,0.68,1.23,55.6,0.55,1.36,0.91,0.45,1.41,2.77,3.36,0.09
Becir Omeragic,SUI,DF,Montpellier,22.0,2002,22.7,2.03,1.23,1.32,0.53,0.18,0.88,1.45,60.6,0.57,1.98,1.15,0.84,0.97,3.00,2.64,0.00
Jean Onana,CMR,MF,Marseille,24.0,2000,6.1,3.44,1.97,0.98,1.97,0.49,1.97,3.93,50.0,1.97,1.64,0.33,1.31,1.64,5.08,1.64,0.16
Royce Openda Owaga,GAB,FW,Lorient,22.0,2002,0.2,,0.00,,,,,,,,,,,0.00,,,
Christopher Operi,FRA,DF,Le Havre,27.0,1997,24.2,1.98,1.36,1.36,0.50,0.12,1.07,2.11,51.0,1.03,1.57,0.17,1.40,1.32,3.31,2.56,0.04
Gift Orban,NGA,FW,Lyon,21.0,2002,4.5,0.67,0.44,0.00,0.22,0.44,0.22,0.67,33.3,0.44,0.44,0.00,0.44,0.22,0.89,0.22,0.22
Kassoum Ouattara,FRA,DF,Monaco,19.0,2004,5.8,2.76,1.90,1.21,0.86,0.69,1.38,2.93,47.1,1.55,1.72,0.00,1.72,2.07,4.83,3.10,0.00
Alexandre Oukidja,ALG,GK,Metz,35.0,1988,30.2,0.07,0.03,0.07,0.00,0.00,0.03,0.07,50.0,0.03,0.03,0.00,0.03,0.07,0.13,0.73,0.07
Cheick Oumar Konaté,MLI,MF,Clermont Foot,20.0,2004,11.9,,1.34,,,,,,,,,,,1.09,,,
Azzedine Ounahi,MAR,MF,Marseille,24.0,2000,13.4,1.87,0.82,0.67,1.04,0.15,0.82,2.39,34.4,1.57,0.45,0.07,0.37,0.82,2.69,0.60,0.00
Adam Ounas,ALG,FW,Lille,27.0,1996,4.6,0.87,0.65,0.43,0.43,0.00,0.43,1.52,28.6,1.09,0.43,0.00,0.43,1.30,2.17,0.22,0.00
Pablo Pagis,FRA,MF,Lorient,21.0,2002,1.8,5.56,3.33,2.78,2.22,0.56,3.33,5.56,60.0,2.22,1.11,0.00,1.11,1.67,7.22,0.56,0.00
Nicolas Pallois,FRA,DF,Nantes,36.0,1987,15.4,1.82,0.97,1.17,0.52,0.13,1.10,2.08,53.1,0.97,2.14,1.62,0.52,1.49,3.31,6.69,0.00
Andy Pelmard,FRA,DF,Clermont Foot,24.0,2000,30.2,1.62,1.19,1.32,0.26,0.03,0.99,1.26,78.9,0.26,1.19,0.63,0.56,0.99,2.62,2.78,0.03
Aurélien Pelon,FRA,DF,Lorient,19.0,2004,1.0,1.00,0.00,1.00,0.00,0.00,0.00,2.00,0.0,2.00,2.00,2.00,0.00,0.00,1.00,7.00,0.00
Faris Pemi Moumbagna,CMR,FW,Marseille,23.0,2000,4.3,0.47,0.23,0.00,0.47,0.00,0.00,0.23,0.0,0.23,0.93,0.00,0.93,0.47,0.93,0.23,0.00
Danilo Pereira,POR,DF,Paris S-G,32.0,1991,20.2,0.94,0.50,0.59,0.25,0.10,0.40,0.69,57.1,0.30,1.24,1.14,0.10,1.09,2.03,4.50,0.05
Mathias Pereira Lage,POR,FW,Brest,27.0,1996,11.5,1.57,1.04,0.61,0.61,0.35,0.61,2.26,26.9,1.65,1.04,0.43,0.61,0.70,2.26,1.13,0.00
Romain Perraud,FRA,DF,Nice,26.0,1997,4.0,1.75,1.50,1.25,0.25,0.25,1.00,2.50,40.0,1.50,1.00,0.00,1.00,1.50,3.25,3.75,0.25
Lucas Perrin,FRA,DF,Strasbourg,25.0,1998,29.0,1.55,1.00,1.10,0.45,0.00,0.97,1.59,60.9,0.62,1.48,1.03,0.45,0.97,2.52,3.86,0.00
Denis Petrić,SRB,GK,Nantes,35.0,1988,0.3,0.00,0.00,0.00,0.00,0.00,0.00,0.00,,0.00,0.00,0.00,0.00,0.00,0.00,0.00,0.00
Ronaël Pierre-Gabriel,FRA,DF,Nantes,25.0,1998,6.6,2.27,1.36,1.82,0.30,0.15,0.76,1.06,71.4,0.30,1.97,0.61,1.36,1.21,3.48,3.79,0.00
Julien Ponceau,FRA,MF,Lorient,23.0,2000,22.9,1.22,0.52,0.52,0.48,0.22,0.39,1.27,31.0,0.87,0.92,0.04,0.87,0.70,1.92,0.79,0.00
Sanjin Prcić,BIH,MF,Strasbourg,30.0,1993,1.0,0.00,0.00,0.00,0.00,0.00,0.00,1.00,0.0,1.00,2.00,1.00,1.00,3.00,3.00,1.00,0.00
Gonçalo Ramos,POR,FW,Paris S-G,22.0,2001,14.2,1.62,0.92,0.28,0.77,0.56,0.42,1.34,31.6,0.92,0.77,0.14,0.63,0.28,1.90,1.13,0.00
Elba Rashani,KVX,MF,Clermont Foot,30.0,1993,11.3,2.39,1.59,0.35,1.33,0.71,0.97,1.68,57.9,0.71,1.42,0.27,1.15,0.88,3.27,0.88,0.00
Guillaume Restes,FRA,GK,Toulouse,19.0,2005,31.0,0.00,0.00,0.00,0.00,0.00,0.00,0.06,0.0,0.06,0.00,0.00,0.00,0.00,0.00,0.61,0.03
Alexsandro Ribeiro,BRA,DF,Lille,24.0,1999,23.4,1.28,0.94,0.98,0.30,0.00,0.60,1.20,50.0,0.60,1.03,0.60,0.43,1.41,2.69,4.74,0.21
Amir Richardson,MAR,MF,Reims,22.0,2002,14.3,2.10,1.40,0.77,1.12,0.21,0.70,1.47,47.6,0.77,1.75,0.35,1.40,0.98,3.08,1.96,0.00
Fabian Rieder,SUI,MF,Rennes,22.0,2002,3.6,2.50,1.67,0.28,1.67,0.56,1.39,2.50,55.6,1.11,0.56,0.28,0.28,1.39,3.89,0.56,0.00
Rémy Riou,FRA,GK,Lyon,36.0,1987,3.0,0.00,0.00,0.00,0.00,0.00,0.00,0.33,0.0,0.33,0.00,0.00,0.00,0.00,0.00,0.33,0.33
Valentin Rongier,FRA,MF,Marseille,29.0,1994,9.5,2.42,1.26,0.95,1.26,0.21,1.47,2.74,53.8,1.26,1.68,0.42,1.26,1.58,4.00,1.89,0.00
Pablo Rosario,NED,DF,Nice,27.0,1997,19.5,1.69,1.18,0.72,0.72,0.26,1.08,1.64,65.6,0.56,1.18,0.62,0.56,1.08,2.77,1.79,0.00
Valentin Rosier,FRA,DF,Nice,27.0,1996,0.6,1.67,0.00,1.67,0.00,0.00,0.00,0.00,,0.00,1.67,0.00,1.67,3.33,5.00,8.33,0.00
Fabián Ruiz Peña,ESP,MF,Paris S-G,28.0,1996,12.4,2.66,1.77,1.37,1.05,0.24,1.85,3.23,57.5,1.37,0.56,0.16,0.40,0.89,3.55,1.61,0.08
Emmanuel Sabbi,USA,FW,Le Havre,26.0,1997,15.7,1.97,0.89,0.76,0.70,0.51,0.89,2.29,38.9,1.40,1.53,0.13,1.40,1.21,3.18,0.45,0.00
Falaye Sacko,MLI,DF,Montpellier,29.0,1995,15.4,1.82,1.04,0.84,0.65,0.32,1.36,2.08,65.6,0.71,1.23,0.45,0.78,1.56,3.38,2.40,0.00
Modibo Sagnan,MLI,DF,Montpellier,25.0,1999,9.9,2.93,1.82,1.92,0.81,0.20,1.21,2.02,60.0,0.81,1.21,0.91,0.30,1.21,4.14,5.66,0.00
Wesley Saïd,FRA,FW,Lens,29.0,1995,10.3,0.68,0.29,0.10,0.19,0.39,0.19,0.87,22.2,0.68,0.29,0.00,0.29,0.39,1.07,0.19,0.00
Théo Sainte-Luce,FRA,DF,Montpellier,25.0,1998,3.8,4.47,1.84,2.63,1.58,0.26,2.89,5.00,57.9,2.11,2.37,1.05,1.32,0.79,5.26,3.95,0.00
Mamadou Sakho,FRA,DF,Montpellier,34.0,1990,0.1,10.0,10.0,10.0,0.00,0.00,10.0,10.0,100.0,0.00,0.00,0.00,0.00,0.00,10.0,10.0,0.00
Ibrahim Salah,MAR,FW,Rennes,22.0,2001,5.4,2.78,1.30,0.93,1.11,0.74,2.04,3.33,61.1,1.30,0.74,0.00,0.74,1.48,4.26,0.93,0.00
Amine Salama,FRA,FW,Reims,23.0,2000,3.5,0.00,0.00,0.00,0.00,0.00,0.00,0.00,,0.00,0.29,0.00,0.29,0.29,0.29,0.29,0.00
Mohammed Salisu,GHA,DF,Monaco,25.0,1999,9.5,2.32,1.26,0.74,1.26,0.32,1.37,1.89,72.2,0.53,1.79,0.95,0.84,2.00,4.32,4.00,0.00
Yoann Salmier,GUF,DF,Le Havre,31.0,1992,15.6,1.28,0.58,0.77,0.32,0.19,0.77,1.22,63.2,0.45,1.35,0.96,0.38,1.22,2.50,3.53,0.00
Mama Samba Baldé,GNB,FW,Lyon,28.0,1995,6.0,1.33,0.83,0.17,0.33,0.83,0.50,1.33,37.5,0.83,0.00,0.00,0.00,0.50,1.83,0.17,0.17
Brice Samba,FRA,GK,Lens,30.0,1994,31.0,0.03,0.03,0.03,0.00,0.00,0.03,0.03,100.0,0.00,0.00,0.00,0.00,0.00,0.03,0.26,0.10
Ibou Sané,SEN,MF,Metz,19.0,2005,1.4,4.29,2.86,1.43,0.71,2.14,1.43,1.43,100.0,0.00,2.14,0.00,2.14,0.71,5.00,1.43,0.00
Sadibou Sané,SEN,DF,Metz,19.0,2004,7.4,2.03,1.08,1.76,0.14,0.14,0.68,0.68,100.0,0.00,1.49,0.95,0.54,0.81,2.84,6.49,0.00
Arouna Sangante,SEN,DF,Le Havre,22.0,2002,27.9,1.72,1.08,0.86,0.75,0.11,0.72,1.22,58.8,0.50,1.18,0.65,0.54,2.15,3.87,3.15,0.00
Morgan Sanson,FRA,MF,Nice,29.0,1994,20.3,1.28,0.94,0.59,0.34,0.34,0.59,1.43,41.4,0.84,1.53,0.25,1.28,0.94,2.22,0.74,0.00
Baptiste Santamaria,FRA,MF,Rennes,29.0,1995,20.7,2.37,1.45,0.92,1.16,0.29,1.35,2.13,63.6,0.77,0.68,0.24,0.43,1.59,3.96,1.50,0.05
Andrey Santos,BRA,MF,Strasbourg,20.0,2004,6.4,3.75,2.19,1.88,1.72,0.16,2.03,2.97,68.4,0.94,1.25,0.00,1.25,0.78,4.53,1.25,0.00
Tiago santos,POR,DF,Lille,21.0,2002,24.4,2.34,1.60,1.15,0.74,0.45,1.15,2.05,56.0,0.90,0.90,0.20,0.70,0.57,2.91,1.43,0.00
Amin Sarr,SWE,FW,Lyon,23.0,2001,1.1,0.91,0.00,0.00,0.91,0.00,0.00,0.00,,0.00,0.91,0.00,0.91,0.00,0.91,0.91,0.00
Ismaila Sarr,SEN,FW,Marseille,26.0,1998,14.4,0.97,0.56,0.14,0.69,0.14,0.42,1.11,37.5,0.69,1.39,0.42,0.97,0.83,1.81,0.76,0.00
Mamadou Sarr,FRA,DF,Lyon,18.0,2005,0.1,0.00,0.00,0.00,0.00,0.00,0.00,0.00,,0.00,0.00,0.00,0.00,0.00,0.00,0.00,0.00
Martin Satriano,URU,FW,Brest,23.0,2001,17.8,1.18,0.79,0.28,0.73,0.17,0.51,1.24,40.9,0.73,0.84,0.34,0.51,0.39,1.57,1.35,0.00
Téji Savanier,FRA,MF,Montpellier,32.0,1991,30.0,1.23,0.67,0.53,0.50,0.20,0.47,1.97,23.7,1.50,1.20,0.27,0.93,1.07,2.30,0.87,0.03
Niklas Schmidt,GER,MF,Toulouse,26.0,1998,12.7,2.60,1.65,1.02,1.34,0.24,1.18,2.36,50.0,1.18,1.02,0.55,0.47,0.31,2.91,1.02,0.00
Jérémy Sebas,MTQ,FW,Strasbourg,21.0,2003,2.4,1.67,0.42,0.83,0.83,0.00,0.83,1.25,66.7,0.42,0.42,0.42,0.00,0.00,1.67,0.00,0.00
Alidu Seidu,GHA,DF,Rennes,23.0,2000,3.8,2.63,1.58,2.37,0.26,0.00,1.84,2.89,63.6,1.05,1.58,0.79,0.79,1.84,4.47,2.63,0.00
Alidu Seidu,GHA,DF,Clermont Foot,23.0,2000,12.6,2.54,1.90,1.35,1.19,0.00,1.90,2.46,77.4,0.56,1.19,0.56,0.63,1.98,4.52,2.94,0.00
Matz Sels,BEL,GK,Strasbourg,32.0,1992,19.0,0.00,0.00,0.00,0.00,0.00,0.00,0.00,,0.00,0.11,0.00,0.11,0.00,0.00,0.68,0.05
Marvin Senaya,TOG,DF,Strasbourg,23.0,2001,21.1,3.08,2.23,1.71,1.09,0.28,1.80,2.94,61.3,1.14,1.80,0.57,1.23,1.80,4.88,2.94,0.00
Sofiane Sidi Ali,FRA,MF,Marseille,28.0,1995,0.1,20.0,0.00,0.00,20.0,0.00,10.0,10.0,100.0,0.00,0.00,0.00,0.00,10.0,30.0,0.00,0.00
Vincent Sierro,SUI,MF,Toulouse,28.0,1995,23.2,1.59,0.86,0.60,0.73,0.26,1.08,3.10,34.7,2.03,1.51,0.56,0.95,1.16,2.76,1.42,0.00
Caio Henrique Oliveira Silva,BRA,DF,Monaco,26.0,1997,5.9,2.03,1.02,0.51,1.02,0.51,1.02,1.53,66.7,0.51,1.19,0.17,1.02,0.51,2.54,1.36,0.00
Moses Simon,NGA,FW,Nantes,28.0,1995,19.9,0.35,0.25,0.10,0.25,0.00,0.10,0.40,25.0,0.30,0.45,0.05,0.40,0.15,0.50,0.25,0.05
Wilfried Singo,CIV,DF,Monaco,23.0,2000,22.0,1.41,1.00,0.73,0.59,0.09,0.68,1.09,62.5,0.41,1.23,0.64,0.59,2.05,3.45,3.41,0.09
Ayanda Sishuba,BEL,MF,Lens,19.0,2005,0.7,4.29,1.43,0.00,2.86,1.43,1.43,2.86,50.0,1.43,1.43,0.00,1.43,0.00,4.29,0.00,0.00
Ibrahima Sissoko,MLI,MF,Strasbourg,26.0,1997,17.1,2.51,1.75,0.76,1.35,0.41,1.29,1.70,75.9,0.41,1.11,0.47,0.64,0.99,3.51,1.64,0.00
Moussa Sissoko,FRA,MF,Nantes,34.0,1989,17.2,1.40,0.76,0.64,0.47,0.29,0.64,1.22,52.4,0.58,0.35,0.12,0.23,0.58,1.98,1.57,0.00
Milan Škriniar,SVK,DF,Paris S-G,29.0,1995,15.9,1.38,1.07,1.01,0.38,0.00,0.88,1.38,63.6,0.50,1.07,0.57,0.50,0.69,2.08,2.70,0.13
Naatan Skyttä,FIN,MF,Toulouse,21.0,2002,1.1,3.64,3.64,1.82,0.91,0.91,0.91,0.91,100.0,0.00,0.00,0.00,0.00,0.00,3.64,0.00,0.00
Eduard Sobol,UKR,DF,Strasbourg,29.0,1995,0.3,0.00,0.00,0.00,0.00,0.00,0.00,0.00,,0.00,0.00,0.00,0.00,0.00,0.00,3.33,0.00
Emran Soglo,ENG,MF,Marseille,18.0,2005,1.2,1.67,0.83,0.00,1.67,0.00,0.83,2.50,33.3,1.67,5.00,0.00,5.00,0.83,2.50,2.50,0.00
Carlos Soler,ESP,MF,Paris S-G,27.0,1997,10.0,1.30,0.90,0.70,0.20,0.40,0.40,1.80,22.2,1.40,1.00,0.30,0.70,0.20,1.50,1.10,0.10
Florian Sotoca,FRA,MF,Lens,33.0,1990,26.0,1.19,0.77,0.35,0.73,0.12,0.62,1.31,47.1,0.69,1.42,0.15,1.27,0.58,1.77,1.12,0.00
Issa Soumaré,SEN,FW,Le Havre,23.0,2000,2.6,0.77,0.00,0.77,0.00,0.00,0.00,1.54,0.0,1.54,0.00,0.00,0.00,0.00,0.77,0.77,0.00
Saidou Sow,GUI,DF,Strasbourg,21.0,2002,8.0,2.50,1.50,2.13,0.38,0.00,1.13,1.63,69.2,0.50,0.88,0.50,0.38,1.50,4.00,4.50,0.38
Stijn Spierings,NED,MF,Toulouse,28.0,1996,16.7,3.17,2.40,1.56,1.20,0.42,1.74,3.05,56.9,1.32,1.32,0.30,1.02,1.56,4.73,1.92,0.00
Stijn Spierings,NED,MF,Lens,28.0,1996,1.3,0.77,0.00,0.00,0.77,0.00,0.77,0.77,100.0,0.00,1.54,0.77,0.77,1.54,2.31,0.77,0.00
Benjamin Stambouli,FRA,MF,Reims,33.0,1990,2.1,3.33,2.38,0.48,2.38,0.48,1.90,3.81,50.0,1.90,1.43,0.48,0.95,0.95,4.29,1.43,0.00
Gabriel Suazo,CHI,DF,Toulouse,26.0,1997,24.4,2.58,1.27,1.60,0.70,0.29,1.48,3.32,44.4,1.84,1.39,0.16,1.23,0.98,3.57,1.23,0.00
Abakar Sylla,CIV,DF,Strasbourg,21.0,2002,16.9,2.96,1.24,1.66,1.01,0.30,1.60,2.01,79.4,0.41,2.01,0.53,1.48,1.48,4.44,3.43,0.12
Dembo Sylla,GUI,DF,Lorient,21.0,2002,0.5,2.00,2.00,0.00,2.00,0.00,0.00,0.00,,0.00,0.00,0.00,0.00,2.00,4.00,4.00,0.00
Issiaga Sylla,GUI,DF,Montpellier,30.0,1994,14.0,1.64,1.00,1.14,0.36,0.14,0.86,2.00,42.9,1.14,1.14,0.36,0.79,1.29,2.93,3.00,0.00
Musa Al-Taamari,JOR,FW,Montpellier,26.0,1997,20.2,0.99,0.79,0.50,0.25,0.25,0.45,1.04,42.9,0.59,0.89,0.10,0.79,0.20,1.19,0.25,0.00
Nicolás Tagliafico,ARG,DF,Lyon,31.0,1992,22.1,2.31,1.45,1.04,0.95,0.32,0.95,2.08,45.7,1.13,1.13,0.36,0.77,1.04,3.35,1.81,0.00
Montassar Talbi,TUN,DF,Lorient,25.0,1998,21.5,1.58,0.98,0.93,0.56,0.09,0.74,1.16,64.0,0.42,1.67,1.02,0.65,1.35,2.93,4.60,0.00
Oussama Targhalline,MAR,MF,Le Havre,21.0,2002,8.6,1.74,0.81,1.16,0.58,0.00,0.93,1.74,53.3,0.81,1.05,0.35,0.70,1.16,2.91,1.40,0.12
Enzo Tchato,CMR,DF,Montpellier,21.0,2002,11.5,2.00,1.22,1.39,0.35,0.26,0.87,2.00,43.5,1.13,1.39,0.52,0.87,0.87,2.87,1.91,0.00
Arnau Tenas,ESP,GK,Paris S-G,22.0,2001,3.9,0.00,0.00,0.00,0.00,0.00,0.00,0.00,,0.00,0.00,0.00,0.00,0.00,0.00,0.00,0.00
Martin Terrier,FRA,FW,Rennes,27.0,1997,15.3,0.85,0.52,0.20,0.46,0.20,0.33,0.85,38.5,0.52,1.24,0.20,1.05,0.52,1.37,1.05,0.00
Benjamin Tetteh,GHA,FW,Metz,26.0,1997,3.1,1.94,1.94,0.32,1.61,0.00,1.29,2.26,57.1,0.97,0.00,0.00,0.00,0.00,1.94,0.32,0.00
Teddy Teuma,MLT,MF,Reims,30.0,1993,21.0,2.29,1.57,0.76,0.95,0.57,1.10,2.57,42.6,1.48,1.48,0.19,1.29,0.86,3.14,0.24,0.00
Arthur Theate,BEL,DF,Rennes,23.0,2000,23.9,1.21,0.67,0.75,0.25,0.21,0.96,1.51,63.9,0.54,1.59,0.92,0.67,1.17,2.38,3.68,0.08
Adrien Thomasson,FRA,MF,Lens,30.0,1993,12.7,1.89,1.02,0.31,1.18,0.39,0.79,2.52,31.3,1.73,0.94,0.00,0.94,0.71,2.60,0.79,0.00
Khéphren Thuram,FRA,MF,Nice,23.0,2001,20.5,1.90,1.32,0.59,1.07,0.24,0.93,1.80,51.4,0.88,0.98,0.49,0.49,0.83,2.73,1.51,0.00
Cheikh Tidiane Sabaly,SEN,FW,Metz,25.0,1999,15.1,2.65,1.32,1.52,0.79,0.33,1.06,2.65,40.0,1.59,1.26,0.13,1.13,0.66,3.31,0.93,0.00
Jean-Clair Todibo,FRA,DF,Nice,24.0,1999,26.6,1.84,0.90,1.05,0.56,0.23,1.05,1.84,57.1,0.79,1.24,0.53,0.71,1.35,3.20,3.50,0.00
Corentin Tolisso,FRA,MF,Lyon,29.0,1994,17.9,1.68,1.01,0.61,0.56,0.50,0.67,1.68,40.0,1.01,1.45,0.50,0.95,0.50,2.18,0.95,0.00
Abdoulaye Touré,GUI,MF,Le Havre,30.0,1994,22.6,1.73,1.11,0.84,0.75,0.13,1.11,2.30,48.1,1.19,1.28,0.35,0.93,1.11,2.83,1.24,0.00
Souleymane Touré,FRA,DF,Lorient,21.0,2003,22.8,1.10,0.53,0.70,0.39,0.00,0.35,0.61,57.1,0.26,1.67,0.88,0.79,1.58,2.68,4.43,0.09
Ismaël Traoré,CIV,DF,Metz,37.0,1986,22.7,0.75,0.44,0.48,0.26,0.00,0.31,0.84,36.8,0.53,1.41,0.84,0.57,1.28,2.03,3.52,0.00
Adrien Truffert,FRA,DF,Rennes,22.0,2001,20.8,1.59,0.87,1.01,0.29,0.29,1.06,1.78,59.5,0.72,1.30,0.24,1.06,0.77,2.36,2.07,0.00
Matthieu Udol,FRA,DF,Metz,28.0,1996,29.0,1.90,1.28,1.31,0.41,0.17,1.31,1.93,67.9,0.62,2.07,0.48,1.59,1.55,3.45,3.62,0.00
Manuel Ugarte Ribeiro,URU,MF,Paris S-G,23.0,2001,19.5,4.51,2.62,1.85,1.95,0.72,2.00,4.00,50.0,2.00,1.23,0.26,0.97,2.05,6.56,1.13,0.05
Samuel Umtiti,FRA,DF,Lille,30.0,1993,2.1,0.48,0.48,0.00,0.48,0.00,0.48,1.90,25.0,1.43,0.00,0.00,0.00,0.95,1.43,1.90,0.00
Kévin Van Den Kerkhof,ALG,FW,Metz,28.0,1996,19.4,1.39,1.08,0.41,0.67,0.31,0.57,1.44,39.3,0.88,0.72,0.10,0.62,0.46,1.86,1.44,0.05
Vanderson,BRA,DF,Monaco,22.0,2001,17.5,3.37,2.29,1.14,1.66,0.57,1.83,4.00,45.7,2.17,1.66,0.11,1.54,1.77,5.14,2.00,0.06
Jordan Veretout,FRA,MF,Marseille,31.0,1993,21.4,1.64,0.93,0.89,0.47,0.28,0.75,1.59,47.1,0.84,0.89,0.19,0.70,0.56,2.20,1.07,0.00
Alan Virginius,FRA,FW,Lille,21.0,2003,0.8,1.25,1.25,1.25,0.00,0.00,0.00,1.25,0.0,1.25,0.00,0.00,0.00,0.00,1.25,0.00,0.00
Alan Virginius,FRA,FW,Clermont Foot,21.0,2003,7.7,0.39,0.26,0.13,0.26,0.00,0.26,0.78,33.3,0.52,0.65,0.00,0.65,0.26,0.65,0.65,0.00
Vitinha,POR,FW,Marseille,24.0,2000,10.3,1.36,0.78,0.29,0.49,0.58,0.29,1.17,25.0,0.87,1.07,0.19,0.87,0.49,1.84,0.78,0.00
Vitinha,POR,MF,Paris S-G,24.0,2000,22.6,1.68,1.02,0.53,0.66,0.49,0.71,2.12,33.3,1.42,1.28,0.49,0.80,0.97,2.65,1.15,0.09
Elye Wahi,FRA,FW,Montpellier,21.0,2003,0.2,0.00,0.00,0.00,0.00,0.00,0.00,0.00,,0.00,0.00,0.00,0.00,0.00,0.00,0.00,0.00
Elye Wahi,FRA,FW,Lens,21.0,2003,17.0,0.29,0.18,0.06,0.12,0.12,0.12,0.53,22.2,0.41,0.29,0.06,0.24,0.18,0.47,0.18,0.00
Mateusz Wieteska,POL,DF,Clermont Foot,27.0,1997,1.9,2.11,0.53,1.58,0.53,0.00,1.58,2.63,60.0,1.05,2.11,1.05,1.05,2.63,4.74,4.21,0.00
Josh Wilson-Esbrand,ENG,DF,Reims,21.0,2002,5.1,0.98,0.78,0.39,0.59,0.00,0.39,1.57,25.0,1.18,0.98,0.39,0.59,1.18,2.16,1.37,0.00
Christopher Wooh,CMR,DF,Rennes,22.0,2001,12.4,0.97,0.56,0.65,0.32,0.00,0.24,0.73,33.3,0.48,1.53,0.73,0.81,1.45,2.42,3.63,0.00
Abduqodir Xusanov,UZB,DF,Lens,20.0,2004,7.1,2.11,1.27,1.41,0.70,0.00,1.27,2.39,52.9,1.13,1.41,0.70,0.70,1.27,3.38,3.24,0.28
Yusuf Yazıcı,TUR,MF,Lille,27.0,1997,14.3,1.33,0.77,0.42,0.63,0.28,0.28,1.05,26.7,0.77,0.70,0.07,0.63,0.35,1.68,0.35,0.00
Kelvin Yeboah,ITA,FW,Montpellier,23.0,2000,3.1,1.29,0.65,0.65,0.65,0.00,0.32,0.97,33.3,0.65,0.97,0.65,0.32,0.32,1.61,0.97,0.00
Bertuğ Yıldırım,TUR,FW,Rennes,21.0,2002,4.4,1.36,0.91,0.45,0.45,0.45,0.68,1.59,42.9,0.91,1.82,0.00,1.82,0.00,1.36,0.91,0.00
Darlin Yongwa,CMR,DF,Lorient,23.0,2000,12.1,2.48,1.90,1.40,0.91,0.17,1.16,2.07,56.0,0.91,1.07,0.17,0.91,1.24,3.72,2.98,0.00
Leny Yoro,FRA,DF,Lille,18.0,2005,26.7,1.16,0.90,0.86,0.22,0.07,0.52,0.90,58.3,0.37,0.71,0.49,0.22,1.27,2.43,3.26,0.04
Etienne Youte Kinkoue,FRA,DF,Le Havre,22.0,2002,19.7,0.71,0.46,0.66,0.05,0.00,0.36,0.56,63.6,0.20,0.91,0.76,0.15,2.03,2.74,5.08,0.00
Yoram Zague,FRA,DF,Paris S-G,17.0,2006,2.0,6.50,3.00,3.50,1.50,1.50,4.00,9.50,42.1,5.50,0.50,0.00,0.50,1.00,7.50,2.00,0.00
Warren Zaire-Emery,FRA,MF,Paris S-G,18.0,2006,20.8,2.31,1.35,0.82,1.06,0.43,1.25,2.36,53.1,1.11,1.49,0.38,1.11,0.67,2.98,1.01,0.05
Denis Zakaria,SUI,MF,Monaco,27.0,1996,23.7,1.60,1.14,0.46,0.84,0.30,0.51,1.27,40.0,0.76,1.65,0.55,1.10,1.98,3.59,1.73,0.00
Mehdi Zeffane,ALG,DF,Clermont Foot,31.0,1992,13.0,2.23,1.38,1.31,0.69,0.23,1.23,2.46,50.0,1.23,0.77,0.15,0.62,1.23,3.46,2.38,0.00
Nathan Zeze,FRA,DF,Nantes,18.0,2005,9.4,0.74,0.43,0.64,0.11,0.00,0.43,1.17,36.4,0.74,0.74,0.32,0.43,1.17,1.91,4.15,0.11
Edon Zhegrova,KVX,FW,Lille,25.0,1999,22.9,1.14,0.70,0.26,0.57,0.31,0.44,1.35,32.3,0.92,0.70,0.04,0.66,0.35,1.48,0.26,0.00
Luc Zogbé,CIV,DF,Brest,19.0,2005,0.1,0.00,0.00,0.00,0.00,0.00,0.00,10.0,0.0,10.0,10.0,10.0,0.00,10.0,10.0,0.00,0.00
