Player,Nation,Pos,Squad,Age,Born,MP,Starts,Min,90s,Gls,Ast,G+A,G-PK,PK,PKatt,CrdY,CrdR,xG,npxG,xAG,npxG+xAG,PrgC,PrgP,PrgR,Gls/90,Ast/90,G+A/90,G-PK/90,G+A-PK/90,xG/90,xAG/90,xG+xAG/90,npxG/90,npxG+xAG/90
Abner,BRA,DF,Betis,23,2000,22,14,1310,14.6,0,0,0,0,0,0,3,0,0.1,0.1,0.6,0.7,14,31,57,0.00,0.00,0.00,0.00,0.00,0.01,0.04,0.05,0.01,0.05
Abdel Abqar,MAR,DF,Alavés,25,1999,24,24,2087,23.2,0,0,0,0,0,0,10,0,0.3,0.3,0.1,0.4,7,48,0,0.00,0.00,0.00,0.00,0.00,0.01,0.00,0.02,0.01,0.02
Marcos Acuña,ARG,DF,Sevilla,32,1991,19,16,1160,12.9,1,2,3,1,0,0,6,0,0.3,0.3,1.5,1.8,20,54,31,0.08,0.16,0.23,0.08,0.23,0.02,0.11,0.14,0.02,0.14
Julen Agirrezabala,ESP,GK,Athletic Club,23,2000,1,1,90,1.0,0,0,0,0,0,0,0,0,0.0,0.0,0.0,0.0,0,0,0,0.00,0.00,0.00,0.00,0.00,0.00,0.00,0.00,0.00,0.00
Lucien Agoume,FRA,MF,Sevilla,22,2002,9,6,519,5.8,0,0,0,0,0,0,2,0,0.1,0.1,0.1,0.2,2,15,7,0.00,0.00,0.00,0.00,0.00,0.02,0.02,0.04,0.02,0.04
Joseph Aidoo,GHA,DF,Celta Vigo,28,1995,6,4,407,4.5,0,0,0,0,0,0,0,0,0.1,0.1,0.1,0.2,2,12,0,0.00,0.00,0.00,0.00,0.00,0.02,0.01,0.04,0.02,0.04
Ilias Akhomach,MAR,MF,Villarreal,20,2004,28,16,1428,15.9,2,2,4,2,0,0,4,0,3.1,3.1,2.6,5.6,64,39,153,0.13,0.13,0.25,0.13,0.25,0.19,0.16,0.36,0.19,0.36
Sergio Akieme,ESP,DF,Almería,26,1997,19,19,1675,18.6,2,0,2,2,0,0,2,0,1.2,1.2,2.2,3.3,27,28,72,0.11,0.00,0.11,0.11,0.11,0.06,0.12,0.18,0.06,0.18
Paul Akouokou,CIV,MF,Betis,26,1997,2,0,27,0.3,0,0,0,0,0,0,0,0,0.0,0.0,0.0,0.0,0,1,0,0.00,0.00,0.00,0.00,0.00,0.00,0.00,0.00,0.00,0.00
David Alaba,AUT,DF,Real Madrid,31,1992,14,14,1154,12.8,0,1,1,0,0,0,2,0,1.0,1.0,0.7,1.6,9,51,13,0.00,0.08,0.08,0.00,0.08,0.08,0.05,0.13,0.08,0.13
Raúl Albiol,ESP,DF,Villarreal,38,1985,25,24,1986,22.1,0,1,1,0,0,0,6,0,0.4,0.4,0.8,1.3,8,61,0,0.00,0.05,0.05,0.00,0.05,0.02,0.04,0.06,0.02,0.06
Rubén Alcaraz,ESP,MF,Cádiz,33,1991,33,33,2864,31.8,3,1,4,1,2,2,14,0,3.1,1.6,1.2,2.8,22,136,34,0.09,0.03,0.13,0.03,0.06,0.10,0.04,0.14,0.05,0.09
Omar Alderete,PAR,DF,Getafe,27,1996,28,21,1925,21.4,0,1,1,0,0,0,7,1,1.1,1.1,1.0,2.1,19,82,8,0.00,0.05,0.05,0.00,0.05,0.05,0.05,0.10,0.05,0.10
Iván Alejo,ESP,MF,Cádiz,29,1995,29,21,1681,18.7,0,2,2,0,0,0,17,0,0.5,0.5,1.3,1.8,47,30,103,0.00,0.11,0.11,0.00,0.11,0.03,0.07,0.10,0.03,0.10
Carles Aleñá,ESP,MF,Getafe,26,1998,26,9,929,10.3,1,1,2,1,0,0,5,0,1.2,1.2,1.6,2.8,12,22,39,0.10,0.10,0.19,0.10,0.19,0.12,0.15,0.27,0.12,0.27
Mohamed Ali Cho,FRA,FW,Real Sociedad,20,2004,11,1,249,2.8,0,0,0,0,0,0,0,0,0.4,0.4,0.1,0.5,16,3,19,0.00,0.00,0.00,0.00,0.00,0.14,0.04,0.18,0.14,0.18
Tadeo Allende,ARG,MF,Celta Vigo,25,1999,9,2,310,3.4,1,0,1,1,0,0,1,0,1.2,1.2,0.4,1.6,9,7,23,0.29,0.00,0.29,0.29,0.29,0.36,0.11,0.47,0.36,0.47
Domingos André Ribeiro Almeida,POR,FW,Valencia,23,2000,15,10,766,8.5,2,1,3,2,0,0,0,0,0.4,0.4,1.0,1.3,20,37,23,0.23,0.12,0.35,0.23,0.35,0.04,0.11,0.16,0.04,0.16
Marcos Alonso,ESP,DF,Barcelona,33,1990,5,3,252,2.8,0,0,0,0,0,0,0,0,0.1,0.1,0.5,0.6,11,14,33,0.00,0.00,0.00,0.00,0.00,0.03,0.18,0.21,0.03,0.21
Adrià Altimira,ESP,DF,Villarreal,23,2001,11,10,775,8.6,0,0,0,0,0,0,3,0,0.0,0.0,0.1,0.1,10,29,15,0.00,0.00,0.00,0.00,0.00,0.00,0.01,0.02,0.00,0.02
Sergi Altimira,ESP,MF,Betis,22,2001,12,6,504,5.6,1,0,1,1,0,0,1,0,0.2,0.2,0.3,0.4,9,28,7,0.18,0.00,0.18,0.18,0.18,0.03,0.05,0.08,0.03,0.08
Gastón Álvarez,URU,DF,Getafe,24,2000,31,26,2267,25.2,1,0,1,1,0,0,6,0,0.7,0.7,0.5,1.2,11,53,32,0.04,0.00,0.04,0.04,0.04,0.03,0.02,0.05,0.03,0.05
Hugo Álvarez,ESP,MF,Celta Vigo,20,2003,10,7,627,7.0,0,0,0,0,0,0,1,0,0.8,0.8,1.0,1.8,28,29,68,0.00,0.00,0.00,0.00,0.00,0.12,0.14,0.26,0.12,0.26
Yeray Álvarez,ESP,DF,Athletic Club,29,1995,16,11,927,10.3,0,0,0,0,0,0,1,1,0.2,0.2,0.1,0.3,12,46,2,0.00,0.00,0.00,0.00,0.00,0.02,0.01,0.03,0.02,0.03
Selim Amallah,MAR,FW,Valencia,27,1996,19,7,598,6.6,0,1,1,0,0,0,5,1,0.4,0.4,0.3,0.8,7,21,35,0.00,0.15,0.15,0.00,0.15,0.06,0.05,0.11,0.06,0.11
Amath,SEN,FW,Mallorca,27,1996,15,3,394,4.4,0,0,0,0,0,0,2,0,1.6,1.6,0.4,1.9,19,13,30,0.00,0.00,0.00,0.00,0.00,0.35,0.09,0.44,0.35,0.44
Miguel Ángel Rubio,ESP,DF,Granada,26,1998,16,14,1290,14.3,1,0,1,1,0,0,5,0,0.6,0.6,0.1,0.7,3,20,1,0.07,0.00,0.07,0.07,0.07,0.04,0.01,0.05,0.04,0.05
Fabrizio Angileri,ARG,DF,Getafe,30,1994,11,2,164,1.8,0,0,0,0,0,0,2,1,0.0,0.0,1.3,1.3,2,7,6,0.00,0.00,0.00,0.00,0.00,0.00,0.73,0.73,0.00,0.73
Mauro Arambarri,URU,MF,Getafe,28,1995,7,3,339,3.8,0,0,0,0,0,0,2,0,0.5,0.5,0.0,0.6,2,20,6,0.00,0.00,0.00,0.00,0.00,0.14,0.01,0.15,0.14,0.15
Jon Aramburu,VEN,DF,Real Sociedad,21,2002,8,5,510,5.7,0,0,0,0,0,0,2,0,0.1,0.1,0.0,0.1,6,23,25,0.00,0.00,0.00,0.00,0.00,0.03,0.00,0.03,0.03,0.03
Julian Araujo,MEX,DF,Las Palmas,22,2001,24,14,1395,15.5,1,0,1,1,0,0,5,0,0.7,0.7,1.1,1.8,23,72,45,0.06,0.00,0.06,0.06,0.06,0.04,0.07,0.12,0.04,0.12
Ronald Araújo,URU,DF,Barcelona,25,1999,24,21,1968,21.9,1,1,2,1,0,0,6,0,2.1,2.1,1.1,3.2,23,100,11,0.05,0.05,0.09,0.05,0.09,0.10,0.05,0.15,0.10,0.15
Adu Ares,ESP,FW,Athletic Club,22,2001,11,1,204,2.3,0,0,0,0,0,0,2,0,0.1,0.1,0.0,0.1,10,3,34,0.00,0.00,0.00,0.00,0.00,0.03,0.01,0.05,0.03,0.05
Jesús Areso,ESP,DF,Osasuna,24,1999,34,27,2464,27.4,1,5,6,1,0,0,3,0,0.1,0.1,3.3,3.5,72,96,167,0.04,0.18,0.22,0.04,0.22,0.01,0.12,0.13,0.01,0.13
Matias Arezo,URU,FW,Granada,21,2002,13,3,338,3.8,0,0,0,0,0,0,1,0,1.2,1.2,0.1,1.2,6,5,17,0.00,0.00,0.00,0.00,0.00,0.31,0.02,0.33,0.31,0.33
Iñigo Arguibide,ESP,DF,Osasuna,19,2005,1,0,17,0.2,0,0,0,0,0,0,0,0,0.0,0.0,0.0,0.0,0,0,0,0.00,0.00,0.00,0.00,0.00,0.00,0.00,0.00,0.00,0.00
José Arnaiz,ESP,FW,Osasuna,29,1995,24,8,853,9.5,2,1,3,2,0,0,2,0,1.7,1.7,1.8,3.5,22,11,79,0.21,0.11,0.32,0.21,0.32,0.18,0.19,0.37,0.18,0.37
Sergio Arribas,ESP,MF,Almería,22,2001,32,21,1921,21.3,6,3,9,6,0,0,0,0,7.0,7.0,3.5,10.4,50,75,89,0.28,0.14,0.42,0.28,0.42,0.33,0.16,0.49,0.33,0.49
Kepa Arrizabalaga,ESP,GK,Real Madrid,29,1994,13,13,1170,13.0,0,0,0,0,0,0,1,0,0.0,0.0,0.0,0.0,0,0,0,0.00,0.00,0.00,0.00,0.00,0.00,0.00,0.00,0.00,0.00
Iago Aspas,ESP,FW,Celta Vigo,36,1987,32,29,2498,27.8,8,9,17,6,2,4,6,1,10.5,7.4,9.8,17.2,74,145,186,0.29,0.32,0.61,0.22,0.54,0.38,0.35,0.73,0.27,0.62
Ezequiel Ávila,ARG,FW,Osasuna,30,1994,17,10,864,9.6,1,3,4,1,0,0,3,2,2.0,2.0,2.3,4.3,14,39,75,0.10,0.31,0.42,0.10,0.42,0.21,0.24,0.45,0.21,0.45
Ezequiel Ávila,ARG,FW,Betis,30,1994,6,4,298,3.3,1,0,1,1,0,0,4,1,0.7,0.7,0.1,0.8,7,6,31,0.30,0.00,0.30,0.30,0.30,0.22,0.02,0.24,0.22,0.24
César Azpilicueta,ESP,DF,Atlético Madrid,34,1989,22,12,1236,13.7,0,2,2,0,0,0,4,0,0.6,0.6,2.4,3.0,35,70,35,0.00,0.15,0.15,0.00,0.15,0.05,0.17,0.22,0.05,0.22
Iddrisu Baba,GHA,MF,Almería,28,1996,25,14,1430,15.9,0,0,0,0,0,0,5,0,0.7,0.7,0.6,1.3,1,60,5,0.00,0.00,0.00,0.00,0.00,0.05,0.04,0.08,0.05,0.08
Srđan Babić,SRB,DF,Almería,28,1996,1,1,90,1.0,0,0,0,0,0,0,0,0,0.0,0.0,0.0,0.0,1,6,0,0.00,0.00,0.00,0.00,0.00,0.04,0.00,0.04,0.04,0.04
Loïc Bade,FRA,DF,Sevilla,24,2000,25,24,2019,22.4,0,1,1,0,0,0,5,1,0.9,0.9,0.4,1.3,12,69,1,0.00,0.04,0.04,0.00,0.04,0.04,0.02,0.06,0.04,0.06
Alex Baena,ESP,MF,Villarreal,22,2001,32,31,2428,27.0,2,13,15,2,0,1,9,1,7.7,7.0,8.1,15.0,79,154,172,0.07,0.48,0.56,0.07,0.56,0.29,0.30,0.59,0.26,0.56
Eric Bailly,CIV,DF,Villarreal,30,1994,8,7,659,7.3,0,0,0,0,0,0,4,0,0.2,0.2,0.0,0.2,3,15,1,0.00,0.00,0.00,0.00,0.00,0.03,0.00,0.03,0.03,0.03
Cédric Bakambu,COD,FW,Betis,33,1991,4,2,194,2.2,0,0,0,0,0,0,1,0,0.4,0.4,0.3,0.7,5,4,12,0.00,0.00,0.00,0.00,0.00,0.20,0.13,0.33,0.20,0.33
Alejandro Balde,ESP,DF,Barcelona,20,2003,18,15,1378,15.3,0,1,1,0,0,0,1,0,0.1,0.1,1.2,1.4,73,41,141,0.00,0.07,0.07,0.00,0.07,0.01,0.08,0.09,0.01,0.09
Iván Balliu,ALB,DF,Rayo Vallecano,32,1992,31,30,2693,29.9,0,1,1,0,0,0,4,0,0.7,0.7,2.6,3.3,50,96,99,0.00,0.03,0.03,0.00,0.03,0.02,0.09,0.11,0.02,0.11
Jonathan Bamba,CIV,MF,Celta Vigo,28,1996,25,23,1891,21.0,2,2,4,2,0,0,0,0,2.8,2.8,4.7,7.4,103,78,164,0.10,0.10,0.19,0.10,0.19,0.13,0.22,0.35,0.13,0.35
Léo Baptistão,BRA,FW,Almería,31,1992,29,20,1708,19.0,6,0,6,6,0,0,6,1,5.0,5.0,1.8,6.8,24,41,83,0.32,0.00,0.32,0.32,0.32,0.26,0.09,0.35,0.26,0.35
Francisco Barbosa,ESP,GK,Betis,25,1999,3,2,225,2.5,0,0,0,0,0,0,0,0,0.0,0.0,0.0,0.0,0,0,0,0.00,0.00,0.00,0.00,0.00,0.00,0.00,0.00,0.00,0.00
Kike Barja,ESP,FW,Osasuna,27,1997,16,3,303,3.4,0,0,0,0,0,0,3,0,0.2,0.2,0.5,0.7,17,8,41,0.00,0.00,0.00,0.00,0.00,0.07,0.14,0.20,0.07,0.20
Ander Barrenetxea,ESP,FW,Real Sociedad,22,2001,26,18,1286,14.3,4,1,5,4,0,0,1,0,3.5,3.5,1.1,4.6,53,35,145,0.28,0.07,0.35,0.28,0.35,0.24,0.08,0.32,0.24,0.32
Pablo Barrios,ESP,MF,Atlético Madrid,20,2003,23,16,1510,16.8,0,1,1,0,0,0,5,0,0.9,0.9,1.8,2.7,37,97,51,0.00,0.06,0.06,0.00,0.06,0.06,0.11,0.16,0.06,0.16
Marc Bartra,ESP,DF,Betis,33,1991,3,3,225,2.5,0,0,0,0,0,0,1,0,0.2,0.2,0.0,0.2,2,5,0,0.00,0.00,0.00,0.00,0.00,0.08,0.00,0.08,0.08,0.08
Augusto Batalla,ARG,GK,Granada,28,1996,17,17,1530,17.0,0,0,0,0,0,0,3,0,0.0,0.0,0.0,0.0,0,1,1,0.00,0.00,0.00,0.00,0.00,0.00,0.00,0.00,0.00,0.00
Bebé,CPV,MF,Rayo Vallecano,33,1990,18,0,199,2.2,2,0,2,1,1,1,1,0,1.4,0.6,0.2,0.9,15,6,22,0.90,0.00,0.90,0.45,0.45,0.65,0.10,0.75,0.29,0.39
Sheraldo Becker,SUR,FW,Real Sociedad,29,1995,12,6,579,6.4,2,2,4,2,0,0,0,0,1.2,1.2,1.8,3.0,22,8,70,0.31,0.31,0.62,0.31,0.62,0.19,0.28,0.47,0.19,0.47
Héctor Bellerín,ESP,DF,Betis,29,1995,20,19,1545,17.2,0,1,1,0,0,0,0,1,0.0,0.0,1.4,1.4,32,76,75,0.00,0.06,0.06,0.00,0.06,0.00,0.08,0.08,0.00,0.08
Jude Bellingham,ENG,MF,Real Madrid,20,2003,26,25,2135,23.7,18,4,22,17,1,1,5,1,10.8,10.0,4.6,14.6,78,174,157,0.76,0.17,0.93,0.72,0.89,0.45,0.19,0.65,0.42,0.61
Fran Beltrán,ESP,MF,Celta Vigo,25,1999,30,26,2203,24.5,0,0,0,0,0,0,2,0,0.7,0.7,1.1,1.8,28,122,30,0.00,0.00,0.00,0.00,0.00,0.03,0.04,0.07,0.03,0.07
Carlos Benavídez,URU,MF,Alavés,26,1998,28,9,1075,11.9,3,1,4,3,0,0,4,0,1.0,1.0,0.5,1.5,9,58,5,0.25,0.08,0.33,0.25,0.33,0.09,0.04,0.13,0.09,0.13
Yuri Berchiche,ESP,DF,Athletic Club,34,1990,25,20,1782,19.8,3,1,4,3,0,0,5,0,0.8,0.7,1.6,2.3,33,128,74,0.15,0.05,0.20,0.15,0.20,0.04,0.08,0.13,0.03,0.12
Álex Berenguer,ESP,FW,Athletic Club,28,1995,32,13,1396,15.5,6,2,8,5,1,1,4,0,5.1,4.3,2.9,7.2,54,27,132,0.39,0.13,0.52,0.32,0.45,0.33,0.19,0.52,0.28,0.47
Isaac Bernal,ESP,FW,Sevilla,23,2000,14,14,1039,11.5,4,4,8,4,0,0,2,0,,,,,,,,0.35,0.35,0.69,0.35,0.69,,,,,
Antonio Blanco,ESP,MF,Alavés,23,2000,31,27,2246,25.0,0,1,1,0,0,0,4,1,0.8,0.8,1.0,1.8,19,125,21,0.00,0.04,0.04,0.00,0.04,0.03,0.04,0.07,0.03,0.07
Daley Blind,NED,DF,Girona,34,1990,31,30,2702,30.0,1,2,3,1,0,0,5,0,1.6,1.6,1.1,2.7,42,180,19,0.03,0.07,0.10,0.03,0.10,0.05,0.04,0.09,0.05,0.09
Adri Bosch,ESP,DF,Granada,22,2001,1,0,26,0.3,0,0,0,0,0,0,0,0,0.0,0.0,0.0,0.0,1,1,1,0.00,0.00,0.00,0.00,0.00,0.00,0.00,0.00,0.00,0.00
Yassine Bounou,MAR,GK,Sevilla,33,1991,1,1,90,1.0,0,0,0,0,0,0,0,0,0.0,0.0,0.0,0.0,0,0,0,0.00,0.00,0.00,0.00,0.00,0.00,0.00,0.00,0.00,0.00
Lucas Boyé,ARG,FW,Granada,28,1996,28,27,2271,25.2,5,3,8,5,0,0,8,1,4.6,4.6,2.6,7.2,32,59,112,0.20,0.12,0.32,0.20,0.32,0.18,0.10,0.29,0.18,0.28
Juan Brandáriz,ESP,DF,Almería,25,1999,28,23,2164,24.0,0,1,1,0,0,0,4,0,1.0,1.0,1.4,2.4,10,62,4,0.00,0.04,0.04,0.00,0.04,0.04,0.06,0.10,0.04,0.10
Darko Brašanac,SRB,MF,Osasuna,32,1992,2,0,48,0.5,0,0,0,0,0,0,0,0,0.0,0.0,0.0,0.0,2,1,3,0.00,0.00,0.00,0.00,0.00,0.00,0.07,0.07,0.00,0.07
Claudio Bravo,CHI,GK,Betis,41,1983,7,7,630,7.0,0,0,0,0,0,0,0,0,0.0,0.0,0.0,0.0,0,1,0,0.00,0.00,0.00,0.00,0.00,0.00,0.01,0.01,0.00,0.01
Ben Brereton,CHI,FW,Villarreal,25,1999,14,2,270,3.0,0,0,0,0,0,0,2,0,0.2,0.2,0.3,0.5,6,14,35,0.00,0.00,0.00,0.00,0.00,0.07,0.09,0.16,0.07,0.16
Ante Budimir,CRO,FW,Osasuna,32,1991,31,28,2371,26.3,16,2,18,13,3,4,4,0,13.8,10.6,1.8,12.4,21,41,96,0.61,0.08,0.68,0.49,0.57,0.52,0.07,0.59,0.40,0.47
Pablo Busto,ESP,DF,Betis,18,2005,2,0,44,0.5,0,0,0,0,0,0,0,0,0.0,0.0,0.2,0.2,1,1,1,0.00,0.00,0.00,0.00,0.00,0.03,0.41,0.44,0.03,0.44
José Callejón,ESP,MF,Granada,37,1987,23,7,713,7.9,0,1,1,0,0,0,0,0,1.0,1.0,1.2,2.3,10,29,46,0.00,0.13,0.13,0.00,0.13,0.13,0.16,0.29,0.13,0.29
Eduardo Camavinga,FRA,MF,Real Madrid,21,2002,28,19,1652,18.4,0,1,1,0,0,0,8,0,0.9,0.9,0.9,1.8,45,97,28,0.00,0.05,0.05,0.00,0.05,0.05,0.05,0.10,0.05,0.10
Sergio Camello,ESP,FW,Rayo Vallecano,23,2001,29,18,1519,16.9,3,1,4,3,0,0,3,0,4.4,4.4,0.8,5.2,21,37,76,0.18,0.06,0.24,0.18,0.24,0.26,0.05,0.31,0.26,0.31
José Campaña,ESP,MF,Las Palmas,30,1993,6,1,152,1.7,0,0,0,0,0,0,0,0,0.0,0.0,0.0,0.0,1,14,3,0.00,0.00,0.00,0.00,0.00,0.01,0.00,0.01,0.01,0.01
João Cancelo,POR,DF,Barcelona,29,1994,29,27,2312,25.7,2,3,5,2,0,0,5,0,1.5,1.5,5.7,7.2,100,129,173,0.08,0.12,0.19,0.08,0.19,0.06,0.22,0.28,0.06,0.28
Sergi Canós,ESP,MF,Valencia,27,1997,24,13,1031,11.5,1,2,3,1,0,0,0,0,1.5,1.5,2.0,3.5,27,43,80,0.09,0.17,0.26,0.09,0.26,0.13,0.17,0.31,0.13,0.31
Étienne Capoue,FRA,MF,Villarreal,35,1988,30,15,1427,15.9,1,1,2,1,0,0,8,0,0.9,0.9,0.6,1.5,22,74,36,0.06,0.06,0.13,0.06,0.13,0.06,0.04,0.09,0.06,0.09
Isaac Carcelen,ESP,DF,Cádiz,31,1993,33,29,2601,28.9,0,0,0,0,0,0,2,0,0.6,0.6,1.0,1.6,25,75,67,0.00,0.00,0.00,0.00,0.00,0.02,0.03,0.05,0.02,0.05
Marc Cardona,ESP,FW,Las Palmas,28,1995,22,6,642,7.1,3,1,4,2,1,1,3,0,3.6,2.8,1.0,3.8,9,10,69,0.42,0.14,0.56,0.28,0.42,0.50,0.14,0.63,0.39,0.53
Sergi Cardona,ESP,DF,Las Palmas,24,1999,33,28,2634,29.3,1,2,3,1,0,0,11,0,2.6,2.6,2.6,5.1,57,153,154,0.03,0.07,0.10,0.03,0.10,0.09,0.09,0.18,0.09,0.18
Johnny Cardoso,USA,MF,Betis,22,2001,14,13,1077,12.0,1,2,3,1,0,0,3,0,0.9,0.9,0.5,1.4,8,39,9,0.08,0.17,0.25,0.08,0.25,0.07,0.04,0.11,0.07,0.11
Carmona,ESP,DF,Getafe,22,2002,27,13,1163,12.9,1,1,2,1,0,0,7,0,0.8,0.8,1.0,1.8,26,32,51,0.08,0.08,0.15,0.08,0.15,0.06,0.08,0.14,0.06,0.14
Yannick Carrasco,BEL,DF,Atlético Madrid,30,1993,3,3,221,2.5,0,1,1,0,0,0,0,0,0.1,0.1,0.2,0.3,9,6,17,0.00,0.41,0.41,0.00,0.41,0.03,0.10,0.12,0.03,0.12
Álvaro Carreras,ESP,MF,Granada,21,2003,13,5,475,5.3,0,0,0,0,0,0,1,0,0.4,0.4,0.4,0.8,13,14,31,0.00,0.00,0.00,0.00,0.00,0.07,0.08,0.15,0.07,0.15
Dani Carvajal,ESP,DF,Real Madrid,32,1992,26,23,2008,22.3,4,3,7,4,0,0,4,1,1.1,1.1,2.5,3.6,29,78,157,0.18,0.13,0.31,0.18,0.31,0.05,0.11,0.16,0.05,0.16
William Carvalho,POR,MF,Betis,32,1992,20,3,619,6.9,1,3,4,1,0,0,2,0,0.4,0.4,0.6,1.0,11,47,10,0.15,0.44,0.58,0.15,0.58,0.06,0.09,0.15,0.06,0.15
Marc Casado,ESP,MF,Barcelona,20,2003,2,0,15,0.2,0,0,0,0,0,0,0,0,0.0,0.0,0.0,0.0,1,1,0,0.00,0.00,0.00,0.00,0.00,0.00,0.00,0.00,0.00,0.00
Catena,ESP,DF,Osasuna,29,1994,27,25,2276,25.3,1,2,3,1,0,0,7,1,1.3,1.3,0.7,2.0,5,71,1,0.04,0.08,0.12,0.04,0.12,0.05,0.03,0.08,0.05,0.08
Dani Ceballos,ESP,MF,Real Madrid,27,1996,17,4,485,5.4,0,2,2,0,0,0,1,0,0.3,0.3,1.4,1.7,13,33,22,0.00,0.37,0.37,0.00,0.37,0.05,0.26,0.31,0.05,0.31
Álex Centelles,ESP,DF,Almería,26,1997,12,10,888,9.9,0,1,1,0,0,0,2,0,0.0,0.0,1.5,1.6,16,27,47,0.00,0.10,0.10,0.00,0.10,0.00,0.15,0.16,0.00,0.16
Franco Cervi,ARG,MF,Celta Vigo,29,1994,16,5,532,5.9,0,1,1,0,0,0,1,0,0.5,0.5,2.0,2.5,16,24,36,0.00,0.17,0.17,0.00,0.17,0.08,0.35,0.42,0.08,0.42
Pep Chavarría,ESP,DF,Rayo Vallecano,26,1998,20,11,1062,11.8,1,1,2,1,0,0,6,1,1.0,1.0,0.5,1.4,23,64,77,0.08,0.08,0.17,0.08,0.17,0.08,0.04,0.12,0.08,0.12
Andreas Christensen,DEN,DF,Barcelona,28,1996,27,26,1867,20.7,2,2,4,2,0,0,4,0,1.0,1.0,1.1,2.2,23,108,6,0.10,0.10,0.19,0.10,0.19,0.05,0.06,0.10,0.05,0.10
Víctor Chust,ESP,DF,Cádiz,24,2000,20,20,1701,18.9,0,1,1,0,0,0,3,1,0.3,0.3,0.3,0.6,10,71,2,0.00,0.05,0.05,0.00,0.05,0.02,0.01,0.03,0.02,0.03
Pathé Ciss,SEN,MF,Rayo Vallecano,30,1994,28,14,1489,16.5,1,0,1,1,0,0,10,0,1.5,1.5,0.5,2.0,13,76,21,0.06,0.00,0.06,0.06,0.06,0.09,0.03,0.12,0.09,0.12
Silvi Clúa,ESP,MF,Girona,19,2005,1,0,1,0.0,0,0,0,0,0,0,0,0,0.0,0.0,0.0,0.0,0,0,0,0.00,0.00,0.00,0.00,0.00,0.00,0.00,0.00,0.00,0.00
Saúl Coco,EQG,DF,Las Palmas,25,1999,27,23,2025,22.5,1,0,1,1,0,0,5,1,1.0,1.0,0.0,1.0,7,66,1,0.04,0.00,0.04,0.04,0.04,0.05,0.00,0.05,0.05,0.05
Santi Comesaña,ESP,MF,Villarreal,27,1996,24,17,1393,15.5,2,0,2,2,0,0,8,2,1.7,1.7,1.7,3.4,20,77,36,0.13,0.00,0.13,0.13,0.13,0.11,0.11,0.22,0.11,0.22
Copete,ESP,DF,Mallorca,24,1999,17,16,1250,13.9,1,0,1,1,0,0,6,0,0.5,0.5,0.1,0.7,3,47,1,0.07,0.00,0.07,0.07,0.07,0.04,0.01,0.05,0.04,0.05
Francis Coquelin,FRA,MF,Villarreal,33,1991,16,10,865,9.6,0,0,0,0,0,0,4,0,0.1,0.1,0.1,0.2,5,43,14,0.00,0.00,0.00,0.00,0.00,0.01,0.01,0.02,0.01,0.02
Theo Corbeanu,CAN,MF,Granada,21,2002,8,1,137,1.5,1,0,1,1,0,0,1,0,0.3,0.3,0.0,0.3,4,5,12,0.66,0.00,0.66,0.66,0.66,0.18,0.00,0.18,0.18,0.18
Jesús Corona,MEX,MF,Sevilla,31,1993,2,0,17,0.2,0,0,0,0,0,0,0,0,0.0,0.0,0.0,0.0,0,0,4,0.00,0.00,0.00,0.00,0.00,0.00,0.00,0.00,0.00,0.00
Ángel Correa,ARG,FW,Atlético Madrid,29,1995,29,11,1339,14.9,9,2,11,8,1,1,3,0,7.6,6.8,2.9,9.7,37,57,116,0.60,0.13,0.74,0.54,0.67,0.51,0.19,0.70,0.46,0.65
Thierry Correia,POR,DF,Valencia,25,1999,28,23,1971,21.9,0,2,2,0,0,0,3,1,0.6,0.6,1.5,2.1,32,75,46,0.00,0.09,0.09,0.00,0.09,0.03,0.07,0.10,0.03,0.10
Jaume Costa,ESP,DF,Mallorca,36,1988,27,17,1509,16.8,0,1,1,0,0,0,7,0,0.2,0.2,0.9,1.1,30,46,94,0.00,0.06,0.06,0.00,0.06,0.01,0.05,0.07,0.01,0.07
Samu Costa,POR,MF,Mallorca,23,2000,32,25,2243,24.9,1,1,2,1,0,0,8,0,1.0,1.0,0.5,1.6,16,90,31,0.04,0.04,0.08,0.04,0.08,0.04,0.02,0.06,0.04,0.06
Thibaut Courtois,BEL,GK,Real Madrid,32,1992,2,2,180,2.0,0,0,0,0,0,0,0,0,0.0,0.0,0.1,0.1,0,0,0,0.00,0.00,0.00,0.00,0.00,0.00,0.05,0.05,0.00,0.05
Yan Couto,BRA,DF,Girona,21,2002,33,24,2204,24.5,1,8,9,1,0,0,8,0,1.5,1.5,4.2,5.7,147,95,229,0.04,0.33,0.37,0.04,0.37,0.06,0.17,0.23,0.06,0.23
Crespo,POR,MF,Rayo Vallecano,27,1996,12,4,435,4.8,0,0,0,0,0,0,3,0,0.1,0.1,0.4,0.5,12,26,18,0.00,0.00,0.00,0.00,0.00,0.01,0.09,0.10,0.01,0.10
Cristian,ESP,GK,Valencia,26,1998,1,0,57,0.6,0,0,0,0,0,0,0,0,0.0,0.0,0.0,0.0,0,0,0,0.00,0.00,0.00,0.00,0.00,0.00,0.00,0.00,0.00,0.00
Juan Cruz Armada,ESP,DF,Osasuna,31,1992,25,17,1577,17.5,0,1,1,0,0,0,3,0,0.0,0.0,0.4,0.4,16,73,28,0.00,0.06,0.06,0.00,0.06,0.00,0.02,0.02,0.00,0.02
Juan Cruz,ESP,FW,Betis,24,2000,5,0,76,0.8,0,0,0,0,0,0,0,0,0.1,0.1,0.0,0.1,2,3,10,0.00,0.00,0.00,0.00,0.00,0.09,0.05,0.13,0.09,0.13
Pau Cubarsí,ESP,DF,Barcelona,17,2007,16,15,1317,14.6,0,0,0,0,0,0,3,0,0.1,0.1,0.4,0.4,8,64,2,0.00,0.00,0.00,0.00,0.00,0.01,0.02,0.03,0.01,0.03
Jorge Cuenca,ESP,DF,Villarreal,24,1999,26,18,1792,19.9,3,1,4,3,0,0,7,0,1.2,1.2,0.2,1.3,10,74,24,0.15,0.05,0.20,0.15,0.20,0.06,0.01,0.07,0.06,0.07
Eric Curbelo,ESP,DF,Las Palmas,30,1994,1,1,90,1.0,0,0,0,0,0,0,0,0,0.0,0.0,0.0,0.0,0,4,0,0.00,0.00,0.00,0.00,0.00,0.00,0.00,0.00,0.00,0.00
Alberto Dadie,ESP,MF,Real Sociedad,21,2002,1,0,28,0.3,0,0,0,0,0,0,0,0,0.0,0.0,0.0,0.0,0,0,0,0.00,0.00,0.00,0.00,0.00,0.00,0.00,0.00,0.00,0.00
Sergi Darder,ESP,MF,Mallorca,30,1993,33,18,1908,21.2,0,5,5,0,0,0,4,0,1.7,1.7,5.6,7.3,47,116,65,0.00,0.24,0.24,0.00,0.24,0.08,0.27,0.35,0.08,0.35
Rodrigo De Paul,ARG,MF,Atlético Madrid,29,1994,31,22,1826,20.3,3,4,7,3,0,0,6,0,1.7,1.7,4.8,6.4,62,184,48,0.15,0.20,0.35,0.15,0.35,0.08,0.23,0.32,0.08,0.32
Mouctar Diakhaby,GUI,DF,Valencia,27,1996,14,12,1073,11.9,1,0,1,1,0,0,6,0,0.7,0.7,0.0,0.8,7,29,1,0.08,0.00,0.08,0.08,0.08,0.06,0.00,0.06,0.06,0.06
Moussa Diakité,MLI,MF,Cádiz,20,2003,1,0,1,0.0,0,0,0,0,0,0,0,0,0.0,0.0,0.0,0.0,0,0,0,0.00,0.00,0.00,0.00,0.00,0.00,0.00,0.00,0.00,0.00
Assane Diao,ESP,FW,Betis,18,2005,18,13,1048,11.6,2,0,2,2,0,0,4,0,2.5,2.5,0.7,3.2,33,20,101,0.17,0.00,0.17,0.17,0.17,0.21,0.06,0.28,0.21,0.28
Brahim Díaz,MAR,FW,Real Madrid,24,1999,30,17,1478,16.4,8,4,12,8,0,0,0,0,5.6,5.6,4.1,9.7,75,72,163,0.49,0.24,0.73,0.49,0.73,0.34,0.25,0.59,0.34,0.59
Víctor Díaz,ESP,DF,Granada,35,1988,4,2,162,1.8,0,0,0,0,0,0,1,0,0.0,0.0,0.0,0.0,0,2,0,0.00,0.00,0.00,0.00,0.00,0.00,0.00,0.00,0.00,0.00
Famara Diedhiou,SEN,FW,Granada,31,1992,8,0,89,1.0,0,1,1,0,0,0,1,0,0.5,0.5,0.2,0.7,5,0,19,0.00,1.01,1.01,0.00,1.01,0.50,0.21,0.71,0.50,0.71
Stole Dimitrievski,MKD,GK,Rayo Vallecano,30,1993,35,35,3150,35.0,0,0,0,0,0,0,2,0,0.0,0.0,0.1,0.1,0,0,0,0.00,0.00,0.00,0.00,0.00,0.00,0.00,0.00,0.00,0.00
Djené,TOG,DF,Getafe,32,1991,31,29,2364,26.3,0,0,0,0,0,0,14,1,0.1,0.1,0.3,0.4,13,94,18,0.00,0.00,0.00,0.00,0.00,0.00,0.01,0.02,0.00,0.02
Marko Dmitrović,SRB,GK,Sevilla,32,1992,13,13,1170,13.0,0,0,0,0,0,0,1,0,0.0,0.0,0.0,0.0,0,1,0,0.00,0.00,0.00,0.00,0.00,0.00,0.00,0.00,0.00,0.00
Jaume Doménech,ESP,GK,Valencia,33,1990,2,1,79,0.9,0,0,0,0,0,0,0,0,0.0,0.0,0.0,0.0,0,0,0,0.00,0.00,0.00,0.00,0.00,0.00,0.00,0.00,0.00,0.00
Carlos Dominguez,ESP,DF,Celta Vigo,23,2001,19,16,1424,15.8,0,0,0,0,0,0,2,0,0.2,0.2,0.1,0.3,11,52,3,0.00,0.00,0.00,0.00,0.00,0.01,0.01,0.02,0.01,0.02
Mario Dominguez,ESP,FW,Valencia,20,2004,3,0,25,0.3,0,0,0,0,0,0,0,0,0.2,0.2,0.0,0.2,0,1,1,0.00,0.00,0.00,0.00,0.00,0.59,0.00,0.59,0.59,0.59
Carlos Dotor,ESP,MF,Celta Vigo,23,2001,16,7,692,7.7,0,0,0,0,0,0,2,0,0.2,0.2,0.1,0.3,3,29,12,0.00,0.00,0.00,0.00,0.00,0.02,0.02,0.04,0.02,0.04
Anastasios Douvikas,GRE,FW,Celta Vigo,24,1999,29,6,798,8.9,6,1,7,6,0,0,2,0,4.1,4.1,1.3,5.4,10,12,45,0.68,0.11,0.79,0.68,0.79,0.46,0.14,0.61,0.46,0.61
Artem Dovbyk,UKR,FW,Girona,26,1997,33,29,2329,25.9,20,7,27,15,5,6,2,0,20.3,15.6,5.1,20.7,17,23,99,0.77,0.27,1.04,0.58,0.85,0.78,0.20,0.98,0.60,0.80
Domingos Duarte,POR,DF,Getafe,29,1995,15,11,907,10.1,0,0,0,0,0,0,5,2,0.3,0.3,0.1,0.4,7,47,0,0.00,0.00,0.00,0.00,0.00,0.03,0.01,0.04,0.03,0.04
Rubén Duarte,ESP,DF,Alavés,28,1995,25,18,1608,17.9,2,0,2,2,0,0,6,0,0.6,0.6,1.3,2.0,14,73,35,0.11,0.00,0.11,0.11,0.11,0.04,0.07,0.11,0.04,0.11
Hugo Duro,ESP,FW,Valencia,24,1999,35,34,2917,32.4,13,2,15,13,0,0,4,0,11.5,11.5,1.3,12.8,25,32,152,0.40,0.06,0.46,0.40,0.46,0.35,0.04,0.40,0.35,0.40
Aritz Elustondo,ESP,DF,Real Sociedad,30,1994,13,5,632,7.0,0,1,1,0,0,0,2,0,0.2,0.2,0.4,0.6,4,24,2,0.00,0.14,0.14,0.00,0.14,0.03,0.06,0.08,0.03,0.08
Adri Embarba,ESP,FW,Almería,32,1992,33,27,2298,25.5,3,1,4,2,1,1,4,0,4.0,3.2,3.8,7.0,84,53,155,0.12,0.04,0.16,0.08,0.12,0.16,0.15,0.30,0.13,0.27
Youssef En-Nesyri,MAR,FW,Sevilla,26,1997,30,25,2302,25.6,15,2,17,14,1,1,4,0,10.1,9.3,1.3,10.6,16,16,75,0.59,0.08,0.66,0.55,0.63,0.40,0.05,0.45,0.36,0.42
Gonzalo Escalante,ARG,MF,Cádiz,31,1993,22,15,1454,16.2,1,2,3,1,0,0,1,1,1.6,1.6,1.4,3.0,3,57,12,0.06,0.12,0.19,0.06,0.19,0.10,0.09,0.19,0.10,0.19
Aarón Escandell,ESP,GK,Las Palmas,28,1995,2,1,153,1.7,0,0,0,0,0,0,0,1,0.0,0.0,0.0,0.0,0,0,0,0.00,0.00,0.00,0.00,0.00,0.00,0.00,0.00,0.00,0.00
Alfonso Espino,URU,DF,Rayo Vallecano,32,1992,29,27,2327,25.9,0,1,1,0,0,0,8,0,1.0,1.0,2.7,3.7,38,107,85,0.00,0.04,0.04,0.00,0.04,0.04,0.10,0.14,0.04,0.14
Bernardo Espinosa,COL,DF,Girona,34,1989,2,0,2,0.0,0,0,0,0,0,0,0,0,0.0,0.0,0.0,0.0,0,0,0,0.00,0.00,0.00,0.00,0.00,0.00,0.00,0.00,0.00,0.00
Karl Etta,CMR,FW,Cádiz,20,2004,1,0,21,0.2,0,0,0,0,0,0,0,0,0.0,0.0,0.0,0.0,0,0,1,0.00,0.00,0.00,0.00,0.00,0.00,0.00,0.00,0.00,0.00
Abdessamad Ezzalzouli,MAR,FW,Barcelona,22,2001,2,0,68,0.8,0,0,0,0,0,0,0,0,0.2,0.2,0.1,0.3,7,1,12,0.00,0.00,0.00,0.00,0.00,0.28,0.09,0.37,0.28,0.37
Abdessamad Ezzalzouli,MAR,FW,Betis,22,2001,23,5,733,8.1,1,0,1,1,0,0,1,0,1.4,1.4,0.2,1.7,50,22,77,0.12,0.00,0.12,0.12,0.12,0.18,0.03,0.20,0.18,0.20
Radamel Falcao,COL,FW,Rayo Vallecano,38,1986,20,1,328,3.6,1,0,1,0,1,1,3,0,2.4,1.7,0.2,1.9,4,5,20,0.27,0.00,0.27,0.00,0.00,0.67,0.06,0.73,0.45,0.51
Fali,ESP,DF,Cádiz,30,1993,27,27,2277,25.3,0,0,0,0,0,0,11,0,0.8,0.8,0.1,0.9,16,69,9,0.00,0.00,0.00,0.00,0.00,0.03,0.00,0.04,0.03,0.04
Ansu Fati,ESP,MF,Barcelona,21,2002,3,0,50,0.6,0,0,0,0,0,0,0,0,0.7,0.7,0.0,0.7,6,4,5,0.00,0.00,0.00,0.00,0.00,1.34,0.00,1.34,1.34,1.34
Nabil Fekir,FRA,MF,Betis,30,1993,17,9,907,10.1,1,2,3,1,0,0,0,0,2.1,2.1,2.0,4.0,29,57,65,0.10,0.20,0.30,0.10,0.30,0.21,0.19,0.40,0.21,0.40
Luiz Felipe,ITA,DF,Betis,27,1997,4,4,360,4.0,0,0,0,0,0,0,1,0,0.1,0.1,0.2,0.3,0,4,0,0.00,0.00,0.00,0.00,0.00,0.02,0.06,0.07,0.02,0.07
João Félix,POR,FW,Barcelona,24,1999,27,18,1460,16.2,7,3,10,7,0,0,3,0,8.0,8.0,3.1,11.1,67,67,161,0.43,0.18,0.62,0.43,0.62,0.49,0.19,0.68,0.49,0.68
Kiko Femenía,ESP,DF,Villarreal,33,1991,21,14,1404,15.6,0,0,0,0,0,0,6,0,0.0,0.0,0.5,0.5,44,94,44,0.00,0.00,0.00,0.00,0.00,0.00,0.03,0.04,0.00,0.04
Aitor Fernández,ESP,GK,Osasuna,33,1991,5,4,371,4.1,0,0,0,0,0,0,2,0,0.0,0.0,0.0,0.0,0,1,0,0.00,0.00,0.00,0.00,0.00,0.00,0.00,0.00,0.00,0.00
Álex Fernández,ESP,MF,Cádiz,31,1992,25,13,1222,13.6,0,0,0,0,0,0,3,0,0.3,0.3,0.7,1.0,9,50,23,0.00,0.00,0.00,0.00,0.00,0.02,0.05,0.07,0.02,0.07
Carlos Fernández,ESP,FW,Real Sociedad,27,1996,10,5,408,4.5,2,1,3,1,1,1,3,0,1.5,0.7,0.5,1.3,5,4,13,0.44,0.22,0.66,0.22,0.44,0.33,0.12,0.45,0.16,0.28
Raúl Fernández,ESP,GK,Granada,36,1988,4,4,280,3.1,0,0,0,0,0,0,0,0,0.0,0.0,0.0,0.0,0,0,0,0.00,0.00,0.00,0.00,0.00,0.00,0.00,0.00,0.00,0.00
Valery Fernández,ESP,MF,Girona,24,1999,25,2,473,5.3,2,0,2,2,0,0,1,0,0.7,0.7,0.8,1.5,19,11,51,0.38,0.00,0.38,0.38,0.38,0.13,0.15,0.28,0.13,0.28
Fernando,ESP,GK,Almería,33,1990,2,2,180,2.0,0,0,0,0,0,0,0,0,0.0,0.0,0.0,0.0,0,0,0,0.00,0.00,0.00,0.00,0.00,0.00,0.00,0.00,0.00,0.00
Fernando,BRA,MF,Sevilla,36,1987,8,5,459,5.1,0,0,0,0,0,0,0,0,0.0,0.0,0.3,0.3,5,24,7,0.00,0.00,0.00,0.00,0.00,0.00,0.06,0.06,0.00,0.06
André Ferreira,POR,GK,Granada,27,1996,15,14,1340,14.9,0,0,0,0,0,0,1,0,0.0,0.0,0.0,0.0,0,0,0,0.00,0.00,0.00,0.00,0.00,0.00,0.00,0.00,0.00,0.00
Rachad Fettal,MAR,FW,Almería,19,2005,1,0,17,0.2,0,0,0,0,0,0,0,0,0.1,0.1,0.0,0.1,0,0,2,0.00,0.00,0.00,0.00,0.00,0.41,0.12,0.53,0.41,0.53
Pablo Fornals,ESP,FW,Betis,28,1996,13,12,1029,11.4,3,2,5,3,0,0,2,0,1.7,1.7,1.6,3.3,35,82,77,0.26,0.17,0.44,0.26,0.44,0.14,0.14,0.29,0.14,0.29
Héctor Fort,ESP,DF,Barcelona,17,2006,5,3,239,2.7,0,1,1,0,0,0,0,0,0.0,0.0,0.3,0.3,2,6,22,0.00,0.38,0.38,0.00,0.38,0.00,0.11,0.11,0.00,0.11
Dimitri Foulquier,FRA,DF,Valencia,31,1993,30,16,1617,18.0,0,0,0,0,0,0,2,0,0.6,0.6,0.9,1.6,40,65,57,0.00,0.00,0.00,0.00,0.00,0.03,0.05,0.09,0.03,0.09
Juan Foyth,ARG,DF,Villarreal,26,1998,12,12,1062,11.8,1,1,2,1,0,0,1,0,0.4,0.4,0.9,1.3,19,51,28,0.08,0.08,0.17,0.08,0.17,0.03,0.08,0.11,0.03,0.11
Jorge de Frutos,ESP,FW,Rayo Vallecano,27,1997,33,12,1385,15.4,1,0,1,1,0,0,1,0,2.1,2.1,1.1,3.2,41,39,137,0.06,0.00,0.06,0.06,0.06,0.14,0.07,0.21,0.14,0.21
Matteo Gabbia,ITA,DF,Villarreal,24,1999,7,6,477,5.3,0,0,0,0,0,0,2,0,0.0,0.0,0.1,0.1,1,9,0,0.00,0.00,0.00,0.00,0.00,0.00,0.02,0.02,0.00,0.02
Javi Galán,ESP,DF,Atlético Madrid,29,1994,5,0,88,1.0,0,0,0,0,0,0,1,0,0.0,0.0,0.1,0.1,3,4,13,0.00,0.00,0.00,0.00,0.00,0.00,0.06,0.06,0.00,0.06
Javi Galán,ESP,DF,Real Sociedad,29,1994,13,12,985,10.9,0,1,1,0,0,0,3,0,0.1,0.1,0.7,0.8,44,43,67,0.00,0.09,0.09,0.00,0.09,0.01,0.06,0.08,0.01,0.08
Iñigo Ruiz de Galarreta,ESP,MF,Athletic Club,30,1993,26,23,1911,21.2,1,1,2,1,0,0,5,0,0.3,0.3,1.4,1.7,24,133,30,0.05,0.05,0.09,0.05,0.09,0.01,0.06,0.08,0.01,0.08
Aleix García,ESP,MF,Girona,26,1997,34,33,2929,32.5,3,6,9,3,0,0,4,1,1.6,1.6,5.0,6.6,48,247,44,0.09,0.18,0.28,0.09,0.28,0.05,0.16,0.20,0.05,0.20
Álvaro García,ESP,FW,Rayo Vallecano,31,1992,29,27,2223,24.7,6,1,7,6,0,0,8,1,4.5,4.5,2.7,7.2,49,57,225,0.24,0.04,0.28,0.24,0.28,0.18,0.11,0.29,0.18,0.29
Dani García,ESP,MF,Athletic Club,33,1990,15,5,581,6.5,1,0,1,1,0,0,4,0,0.8,0.8,0.1,0.9,2,28,3,0.15,0.00,0.15,0.15,0.15,0.12,0.01,0.13,0.12,0.13
David García,ESP,DF,Osasuna,30,1994,27,27,2334,25.9,0,1,1,0,0,0,5,0,1.0,1.0,1.3,2.2,21,133,4,0.00,0.04,0.04,0.00,0.04,0.04,0.05,0.09,0.04,0.09
Eric García,ESP,DF,Barcelona,23,2001,2,0,57,0.6,0,0,0,0,0,0,1,0,0.0,0.0,0.0,0.0,0,5,0,0.00,0.00,0.00,0.00,0.00,0.07,0.00,0.07,0.07,0.07
Eric García,ESP,DF,Girona,23,2001,27,27,2390,26.6,4,0,4,4,0,0,3,0,2.4,2.4,0.5,2.9,42,186,12,0.15,0.00,0.15,0.15,0.15,0.09,0.02,0.11,0.09,0.11
Fran Garcia,ESP,DF,Real Madrid,24,1999,24,14,1308,14.5,1,5,6,1,0,0,2,0,0.5,0.5,2.4,3.0,52,60,129,0.07,0.34,0.41,0.07,0.41,0.04,0.17,0.20,0.04,0.20
Francisco Jesús Crespo García,ESP,FW,Las Palmas,27,1996,16,6,501,5.6,2,0,2,2,0,0,1,0,1.2,1.2,0.6,1.8,17,20,64,0.36,0.00,0.36,0.36,0.36,0.22,0.11,0.32,0.22,0.32
Gonzalo García,ESP,FW,Real Madrid,20,2004,2,0,19,0.2,0,0,0,0,0,0,0,0,0.0,0.0,0.0,0.0,1,0,3,0.00,0.00,0.00,0.00,0.00,0.16,0.00,0.16,0.16,0.16
Jastin García,ESP,FW,Girona,20,2004,2,0,15,0.2,0,0,0,0,0,0,0,0,0.0,0.0,0.0,0.0,2,1,3,0.00,0.00,0.00,0.00,0.00,0.00,0.00,0.00,0.00,0.00
Raúl García,ESP,FW,Athletic Club,37,1986,17,0,265,2.9,0,0,0,0,0,0,3,0,0.5,0.5,0.0,0.5,4,12,10,0.00,0.00,0.00,0.00,0.00,0.16,0.00,0.16,0.16,0.16
Rubén García,ESP,FW,Osasuna,30,1993,28,17,1443,16.0,3,2,5,3,0,0,1,0,2.3,2.3,3.2,5.5,13,53,112,0.19,0.12,0.31,0.19,0.31,0.14,0.20,0.34,0.14,0.34
Santiago García,,FW,Getafe,22,2001,1,0,25,0.3,0,0,0,0,0,0,0,0,0.0,0.0,0.0,0.0,1,2,1,0.00,0.00,0.00,0.00,0.00,0.00,0.00,0.00,0.00,0.00
Unai García,ESP,DF,Osasuna,32,1992,8,6,548,6.1,1,0,1,1,0,0,5,1,0.1,0.1,0.0,0.1,2,12,1,0.16,0.00,0.16,0.16,0.16,0.02,0.00,0.02,0.02,0.02
Federico Gattoni,ARG,DF,Sevilla,25,1999,2,0,10,0.1,0,0,0,0,0,0,0,0,0.0,0.0,0.0,0.0,0,0,0,0.00,0.00,0.00,0.00,0.00,0.00,0.00,0.00,0.00,0.00
Gavi,ESP,MF,Barcelona,19,2004,12,10,944,10.5,1,1,2,1,0,0,5,0,0.9,0.9,1.1,2.0,26,39,38,0.10,0.10,0.19,0.10,0.19,0.09,0.10,0.19,0.09,0.19
Paulo Gazzaniga,ARG,GK,Girona,32,1992,35,35,3150,35.0,0,0,0,0,0,0,2,0,0.0,0.0,0.7,0.7,0,0,0,0.00,0.00,0.00,0.00,0.00,0.00,0.02,0.02,0.00,0.02
David Gil,ESP,GK,Cádiz,30,1994,4,3,282,3.1,0,0,0,0,0,0,1,0,0.0,0.0,0.0,0.0,0,0,0,0.00,0.00,0.00,0.00,0.00,0.00,0.00,0.00,0.00,0.00
Maxi Gómez,URU,FW,Cádiz,27,1996,29,12,1156,12.8,0,0,0,0,0,0,2,0,1.6,1.6,0.6,2.2,13,11,52,0.00,0.00,0.00,0.00,0.00,0.12,0.05,0.17,0.12,0.17
Moi Gómez,ESP,MF,Osasuna,29,1994,26,23,1956,21.7,3,0,3,3,0,0,3,0,1.7,1.7,0.9,2.6,36,127,68,0.14,0.00,0.14,0.14,0.14,0.08,0.04,0.12,0.08,0.12
Unai Gómez,ESP,MF,Athletic Club,20,2003,23,8,740,8.2,2,0,2,2,0,0,1,0,1.4,1.4,0.6,1.9,18,25,43,0.24,0.00,0.24,0.24,0.24,0.17,0.07,0.24,0.17,0.24
Édgar González,ESP,DF,Almería,27,1997,29,28,2387,26.5,2,0,2,2,0,0,7,1,2.3,2.3,0.2,2.6,6,68,6,0.08,0.00,0.08,0.08,0.08,0.09,0.01,0.10,0.09,0.10
Fabio González,ESP,MF,Las Palmas,27,1997,5,0,45,0.5,0,0,0,0,0,0,0,0,0.0,0.0,0.0,0.0,0,6,1,0.00,0.00,0.00,0.00,0.00,0.00,0.00,0.00,0.00,0.00
Giovanni González,URU,DF,Mallorca,29,1994,32,25,2284,25.4,1,1,2,1,0,0,6,0,0.4,0.4,1.1,1.4,25,81,87,0.04,0.04,0.08,0.04,0.08,0.01,0.04,0.06,0.01,0.06
Hugo González,ESP,MF,Valencia,21,2003,7,0,54,0.6,0,1,1,0,0,0,0,0,0.0,0.0,0.5,0.5,1,1,5,0.00,1.67,1.67,0.00,1.67,0.03,0.84,0.87,0.03,0.87
Iñaki González,ESP,MF,Las Palmas,19,2004,1,0,5,0.1,0,0,0,0,0,0,0,0,0.0,0.0,0.0,0.0,0,0,0,0.00,0.00,0.00,0.00,0.00,0.00,0.00,0.00,0.00,0.00
Peter González,DOM,MF,Valencia,21,2002,12,4,512,5.7,0,0,0,0,0,0,1,0,1.6,1.6,0.6,2.2,15,13,33,0.00,0.00,0.00,0.00,0.00,0.27,0.11,0.38,0.27,0.38
Urko González,ESP,MF,Real Sociedad,23,2001,4,2,149,1.7,0,0,0,0,0,0,1,0,0.0,0.0,0.0,0.0,1,6,1,0.00,0.00,0.00,0.00,0.00,0.02,0.00,0.02,0.02,0.02
Andoni Gorosabel,ESP,DF,Alavés,27,1996,33,32,2790,31.0,1,0,1,1,0,0,6,0,0.7,0.7,1.3,2.0,57,113,119,0.03,0.00,0.03,0.03,0.03,0.02,0.04,0.06,0.02,0.06
Pablo Gozalbez,ESP,MF,Valencia,23,2001,5,1,103,1.1,0,0,0,0,0,0,0,0,0.0,0.0,0.0,0.0,0,0,5,0.00,0.00,0.00,0.00,0.00,0.01,0.00,0.01,0.01,0.01
Mason Greenwood,ENG,MF,Getafe,22,2001,30,27,2392,26.6,8,6,14,6,2,3,6,1,7.7,5.4,4.5,9.8,123,76,220,0.30,0.23,0.53,0.23,0.45,0.29,0.17,0.46,0.20,0.37
Dominik Greif,SVK,GK,Mallorca,27,1997,1,1,90,1.0,0,0,0,0,0,0,0,0,0.0,0.0,0.0,0.0,0,0,0,0.00,0.00,0.00,0.00,0.00,0.00,0.00,0.00,0.00,0.00
Antoine Griezmann,FRA,FW,Atlético Madrid,33,1991,30,28,2378,26.4,13,6,19,9,4,4,5,0,11.0,8.0,5.6,13.6,39,109,180,0.49,0.23,0.72,0.34,0.57,0.42,0.21,0.63,0.30,0.51
Vicente Guaita,ESP,GK,Celta Vigo,37,1987,26,25,2313,25.7,0,0,0,0,0,0,2,0,0.0,0.0,0.0,0.0,0,0,0,0.00,0.00,0.00,0.00,0.00,0.00,0.00,0.00,0.00,0.00
Andrés Guardado,MEX,MF,Betis,37,1986,12,4,447,5.0,0,0,0,0,0,0,2,0,0.1,0.1,0.2,0.3,5,36,6,0.00,0.00,0.00,0.00,0.00,0.03,0.04,0.06,0.03,0.06
Sergi Guardiola,ESP,FW,Cádiz,32,1991,20,1,429,4.8,0,1,1,0,0,0,1,0,1.2,1.2,0.7,1.9,9,16,27,0.00,0.21,0.21,0.00,0.21,0.25,0.14,0.39,0.25,0.39
Nemanja Gudelj,SRB,DF,Sevilla,32,1991,21,20,1730,19.2,1,1,2,1,0,0,7,0,0.8,0.8,0.4,1.2,23,70,5,0.05,0.05,0.10,0.05,0.10,0.04,0.02,0.06,0.04,0.06
Gonçalo Guedes,POR,FW,Villarreal,27,1996,14,7,769,8.5,3,2,5,3,0,0,0,0,2.1,2.1,1.2,3.4,31,43,69,0.35,0.23,0.59,0.35,0.59,0.25,0.15,0.40,0.25,0.40
Javier Guerra,ESP,MF,Valencia,21,2003,33,26,2327,25.9,4,1,5,4,0,0,3,1,2.4,2.4,0.9,3.3,43,72,66,0.15,0.04,0.19,0.15,0.19,0.09,0.04,0.13,0.09,0.13
Ander Guevara,ESP,MF,Alavés,26,1997,34,31,2752,30.6,1,0,1,1,0,0,7,0,0.7,0.7,0.8,1.5,53,176,35,0.03,0.00,0.03,0.03,0.03,0.02,0.03,0.05,0.02,0.05
Hugo Guillamón,ESP,MF,Valencia,24,2000,24,10,1157,12.9,1,0,1,1,0,0,6,0,0.2,0.2,0.4,0.6,6,56,10,0.08,0.00,0.08,0.08,0.08,0.02,0.03,0.04,0.02,0.04
Marc Guiu,ESP,FW,Barcelona,18,2006,3,1,74,0.8,1,0,1,1,0,0,1,0,0.8,0.8,0.3,1.0,1,1,8,1.22,0.00,1.22,1.22,1.22,0.92,0.32,1.24,0.92,1.24
Arda Güler,TUR,FW,Real Madrid,19,2005,8,3,258,2.9,3,0,3,3,0,0,1,0,1.0,1.0,0.0,1.0,8,12,16,1.05,0.00,1.05,1.05,1.05,0.34,0.00,0.34,0.34,0.34
Gerard Gumbau,ESP,MF,Granada,29,1994,32,28,2404,26.7,0,3,3,0,0,0,12,0,1.6,1.6,3.8,5.3,18,126,25,0.00,0.11,0.11,0.00,0.11,0.06,0.14,0.20,0.06,0.20
İlkay Gündoğan,GER,MF,Barcelona,33,1990,34,31,2814,31.3,5,8,13,4,1,2,5,0,7.4,5.9,10.2,16.1,68,203,114,0.16,0.26,0.42,0.13,0.38,0.24,0.33,0.56,0.19,0.51
Jon Guridi,ESP,MF,Alavés,29,1995,33,32,2473,27.5,3,4,7,3,0,0,2,0,4.0,4.0,3.3,7.2,27,106,87,0.11,0.15,0.25,0.11,0.25,0.14,0.12,0.26,0.14,0.26
Gorka Guruzeta,ESP,FW,Athletic Club,27,1996,32,30,2217,24.6,14,5,19,14,0,1,2,0,11.6,10.8,2.4,13.2,18,55,102,0.57,0.20,0.77,0.57,0.77,0.47,0.10,0.57,0.44,0.54
Miguel Gutiérrez,ESP,DF,Girona,22,2001,33,33,2894,32.2,2,6,8,2,0,0,4,0,2.7,2.7,7.1,9.8,73,136,166,0.06,0.19,0.25,0.06,0.25,0.08,0.22,0.30,0.08,0.30
Munir El Haddadi,MAR,FW,Las Palmas,28,1995,35,30,2320,25.8,3,2,5,3,0,1,3,0,4.2,3.4,1.9,5.3,25,76,161,0.12,0.08,0.19,0.12,0.19,0.16,0.07,0.24,0.13,0.21
Ianis Hagi,ROU,MF,Alavés,25,1998,19,6,640,7.1,0,2,2,0,0,1,2,0,2.6,1.8,1.8,3.6,14,28,49,0.00,0.28,0.28,0.00,0.28,0.37,0.25,0.62,0.26,0.51
Luiz Henrique,BRA,FW,Betis,23,2001,14,6,616,6.8,0,3,3,0,0,0,1,0,1.2,1.2,1.6,2.9,35,17,58,0.00,0.44,0.44,0.00,0.44,0.18,0.24,0.42,0.18,0.42
Mario Hermoso,ESP,DF,Atlético Madrid,28,1995,28,27,2356,26.2,0,1,1,0,0,0,8,0,1.4,1.4,0.8,2.2,36,166,60,0.00,0.04,0.04,0.00,0.04,0.05,0.03,0.08,0.05,0.08
Javi Hernández,ESP,DF,Cádiz,26,1998,27,25,2245,24.9,1,2,3,1,0,0,7,0,1.1,1.1,1.7,2.8,33,81,49,0.04,0.08,0.12,0.04,0.12,0.05,0.07,0.11,0.05,0.11
Aridane Hernández,ESP,DF,Rayo Vallecano,35,1989,18,18,1600,17.8,0,0,0,0,0,0,3,0,0.2,0.2,0.0,0.3,0,19,0,0.00,0.00,0.00,0.00,0.00,0.01,0.00,0.02,0.01,0.02
Luis Hernández,ESP,DF,Cádiz,35,1989,9,8,723,8.0,1,0,1,1,0,0,4,0,1.0,1.0,0.4,1.3,2,31,1,0.12,0.00,0.12,0.12,0.12,0.12,0.04,0.16,0.12,0.16
Yarek Hernandis,ESP,DF,Valencia,19,2005,12,5,555,6.2,0,0,0,0,0,0,1,0,,,,,,,,0.00,0.00,0.00,0.00,0.00,,,,,
Jorge Herrando,ESP,DF,Osasuna,23,2001,16,15,1374,15.3,0,1,1,0,0,0,4,0,0.4,0.4,0.2,0.5,3,29,1,0.00,0.07,0.07,0.00,0.07,0.02,0.01,0.03,0.02,0.03
Ander Herrera,ESP,MF,Athletic Club,34,1989,22,10,1014,11.3,0,3,3,0,0,0,4,0,0.7,0.7,1.2,1.9,10,92,16,0.00,0.27,0.27,0.00,0.27,0.07,0.11,0.17,0.07,0.17
Cristian Herrera,ESP,FW,Las Palmas,33,1991,7,1,155,1.7,1,0,1,1,0,0,1,0,0.9,0.9,0.0,0.9,2,7,14,0.58,0.00,0.58,0.58,0.58,0.51,0.02,0.53,0.51,0.53
Sergio Herrera,ESP,GK,Osasuna,30,1993,31,31,2779,30.9,0,0,0,0,0,0,2,0,0.0,0.0,0.0,0.0,0,1,0,0.00,0.00,0.00,0.00,0.00,0.00,0.00,0.00,0.00,0.00
Yangel Herrera,VEN,MF,Girona,26,1998,26,24,1911,21.2,5,0,5,5,0,0,9,0,4.5,4.5,2.2,6.8,26,85,62,0.24,0.00,0.24,0.24,0.24,0.21,0.11,0.32,0.21,0.32
Juan Herzog,ESP,DF,Las Palmas,21,2003,4,3,292,3.2,2,0,2,2,0,0,1,0,0.7,0.7,0.0,0.7,0,3,0,0.62,0.00,0.62,0.62,0.62,0.21,0.00,0.21,0.21,0.21
Martin Hongla,CMR,MF,Granada,26,1998,12,5,490,5.4,0,0,0,0,0,0,0,0,0.2,0.2,0.0,0.2,3,14,5,0.00,0.00,0.00,0.00,0.00,0.03,0.00,0.03,0.03,0.03
Xabier Huarte Armendáriz,ESP,MF,Osasuna,23,2001,1,0,9,0.1,0,0,0,0,0,0,0,0,0.0,0.0,0.0,0.0,0,1,0,0.00,0.00,0.00,0.00,0.00,0.00,0.00,0.00,0.00,0.00
Pablo Ibáñez,ESP,MF,Osasuna,25,1998,31,10,997,11.1,1,1,2,1,0,0,5,0,2.2,2.2,1.0,3.2,25,57,46,0.09,0.09,0.18,0.09,0.18,0.20,0.09,0.29,0.20,0.29
Iglesias,ESP,DF,Getafe,25,1998,23,16,1412,15.7,0,2,2,0,0,0,4,0,0.6,0.6,0.7,1.3,16,43,48,0.00,0.13,0.13,0.00,0.13,0.04,0.04,0.08,0.04,0.08
Borja Iglesias,ESP,FW,Betis,31,1993,11,4,408,4.5,0,1,1,0,0,0,2,0,0.6,0.6,0.9,1.5,5,12,32,0.00,0.22,0.22,0.00,0.22,0.13,0.21,0.34,0.13,0.34
Imanol,ESP,DF,Athletic Club,23,2000,7,4,403,4.5,0,0,0,0,0,0,2,0,0.0,0.0,0.2,0.2,12,17,14,0.00,0.00,0.00,0.00,0.00,0.00,0.04,0.05,0.00,0.05
Isco,ESP,MF,Betis,32,1992,28,27,2288,25.4,8,5,13,6,2,2,10,0,8.3,6.7,6.4,13.1,100,214,143,0.31,0.20,0.51,0.24,0.43,0.33,0.25,0.58,0.26,0.52
Diego Iturralde,ESP,DF,Sevilla,21,2003,1,0,37,0.4,0,0,0,0,0,0,0,0,0.0,0.0,0.0,0.0,1,1,0,0.00,0.00,0.00,0.00,0.00,0.00,0.00,0.00,0.00,0.00
Adnan Januzaj,BEL,FW,Sevilla,29,1995,8,0,193,2.1,0,0,0,0,0,0,0,0,0.6,0.6,0.0,0.6,1,9,17,0.00,0.00,0.00,0.00,0.00,0.28,0.02,0.30,0.28,0.30
Mikel Jauregizar,ESP,MF,Athletic Club,20,2003,5,0,78,0.9,0,0,0,0,0,0,0,0,,,,,,,,0.00,0.00,0.00,0.00,0.00,,,,,
Luis Javier Suárez,COL,FW,Almería,26,1997,12,8,746,8.3,4,0,4,3,1,1,2,0,5.5,4.7,0.4,5.1,26,15,40,0.48,0.00,0.48,0.36,0.36,0.67,0.04,0.71,0.57,0.62
Salim El Jebari,MAR,MF,Atlético Madrid,20,2004,1,0,13,0.1,0,0,0,0,0,0,0,0,0.0,0.0,0.0,0.0,1,0,1,0.00,0.00,0.00,0.00,0.00,0.00,0.00,0.00,0.00,0.00
Frenkie de Jong,NED,MF,Barcelona,27,1997,20,20,1634,18.2,2,0,2,2,0,0,7,0,0.7,0.7,2.2,2.9,69,168,38,0.11,0.00,0.11,0.11,0.11,0.04,0.12,0.16,0.04,0.16
Joan Jordán,ESP,MF,Sevilla,29,1994,8,4,380,4.2,0,0,0,0,0,0,1,0,0.2,0.2,0.0,0.2,0,32,1,0.00,0.00,0.00,0.00,0.00,0.04,0.01,0.05,0.04,0.05
Jordi,ESP,MF,Getafe,23,2001,11,5,508,5.6,0,0,0,0,0,0,1,0,1.3,1.3,0.5,1.8,6,11,25,0.00,0.00,0.00,0.00,0.00,0.22,0.09,0.31,0.22,0.31
Jeremy Jorge,ESP,FW,Getafe,21,2003,1,0,2,0.0,0,0,0,0,0,0,0,0,0.0,0.0,0.0,0.0,0,0,0,0.00,0.00,0.00,0.00,0.00,0.00,0.00,0.00,0.00,0.00
Willian José,BRA,FW,Betis,32,1991,31,23,1833,20.4,10,5,15,10,0,0,0,1,5.5,5.5,2.4,7.9,7,30,81,0.49,0.25,0.74,0.49,0.74,0.27,0.12,0.39,0.27,0.39
Joselu,ESP,FW,Real Madrid,34,1990,33,14,1597,17.7,9,2,11,9,0,2,1,0,11.7,10.1,1.7,11.8,15,19,95,0.51,0.11,0.62,0.51,0.62,0.66,0.09,0.75,0.57,0.66
Kamil Jóźwiak,POL,MF,Granada,26,1998,11,7,571,6.3,0,1,1,0,0,0,2,0,0.1,0.1,1.2,1.3,15,21,31,0.00,0.16,0.16,0.00,0.16,0.02,0.19,0.21,0.02,0.21
Juanmi,ESP,FW,Cádiz,30,1993,13,9,780,8.7,3,0,3,3,0,0,3,0,2.4,2.4,1.1,3.5,5,10,37,0.35,0.00,0.35,0.35,0.35,0.28,0.13,0.41,0.28,0.41
Juanpe,ESP,DF,Girona,33,1991,16,6,723,8.0,0,0,0,0,0,0,4,0,0.2,0.2,0.0,0.2,3,13,0,0.00,0.00,0.00,0.00,0.00,0.02,0.00,0.02,0.02,0.02
Vinicius Júnior,BRA,FW,Real Madrid,23,2000,24,20,1684,18.7,13,5,18,12,1,1,6,0,12.1,11.3,3.5,14.8,118,49,241,0.69,0.27,0.96,0.64,0.91,0.65,0.19,0.84,0.60,0.79
Filip Jørgensen,DEN,GK,Villarreal,22,2002,34,34,3060,34.0,0,0,0,0,0,0,4,0,0.0,0.0,0.0,0.0,0,0,0,0.00,0.00,0.00,0.00,0.00,0.00,0.00,0.00,0.00,0.00
Sory Kaba,GUI,FW,Las Palmas,28,1995,17,9,720,8.0,1,1,2,1,0,0,2,0,1.5,1.5,0.3,1.8,7,12,36,0.12,0.12,0.25,0.12,0.25,0.18,0.04,0.23,0.18,0.23
Kaiky,BRA,DF,Almería,20,2004,8,5,523,5.8,1,0,1,1,0,0,2,0,0.2,0.2,0.0,0.3,4,24,1,0.17,0.00,0.17,0.17,0.17,0.04,0.00,0.04,0.04,0.04
Jon Karrikaburu,ESP,MF,Alavés,21,2002,2,0,16,0.2,0,0,0,0,0,0,0,0,0.0,0.0,0.0,0.0,0,0,1,0.00,0.00,0.00,0.00,0.00,0.00,0.00,0.00,0.00,0.00
Ibrahima Kebe,MLI,MF,Girona,23,2000,2,0,9,0.1,0,0,0,0,0,0,1,0,0.0,0.0,0.0,0.0,0,0,1,0.00,0.00,0.00,0.00,0.00,0.00,0.00,0.00,0.00,0.00
Kiké,ESP,FW,Alavés,34,1989,32,14,1383,15.4,3,2,5,3,0,1,3,0,7.0,6.2,1.9,8.1,18,32,95,0.20,0.13,0.33,0.20,0.33,0.45,0.13,0.58,0.40,0.53
Koke,ESP,MF,Atlético Madrid,32,1992,32,29,2243,24.9,0,4,4,0,0,0,4,0,0.4,0.4,3.2,3.6,25,196,26,0.00,0.16,0.16,0.00,0.16,0.02,0.13,0.14,0.02,0.14
Ibrahima Koné,MLI,FW,Almería,24,1999,8,2,262,2.9,0,0,0,0,0,0,0,0,0.4,0.4,0.1,0.5,3,3,15,0.00,0.00,0.00,0.00,0.00,0.12,0.03,0.16,0.12,0.16
Rominigue Kouamé,MLI,MF,Cádiz,27,1996,16,9,821,9.1,0,0,0,0,0,0,2,0,0.3,0.3,0.1,0.4,16,34,5,0.00,0.00,0.00,0.00,0.00,0.03,0.01,0.04,0.03,0.04
Jules Koundé,FRA,DF,Barcelona,25,1998,32,29,2629,29.2,1,2,3,1,0,0,4,0,2.0,2.0,2.1,4.1,62,222,51,0.03,0.07,0.10,0.03,0.10,0.07,0.07,0.14,0.07,0.14
Toni Kroos,GER,MF,Real Madrid,34,1990,31,22,1967,21.9,1,7,8,1,0,0,3,0,1.6,1.6,4.7,6.2,31,261,26,0.05,0.32,0.37,0.05,0.37,0.07,0.21,0.29,0.07,0.29
Takefusa Kubo,JPN,FW,Real Sociedad,22,2001,28,22,1970,21.9,7,3,10,7,0,0,1,0,3.5,3.5,5.3,8.8,122,78,210,0.32,0.14,0.46,0.32,0.46,0.16,0.24,0.40,0.16,0.40
Luca de la Torre,USA,MF,Celta Vigo,25,1998,30,21,1911,21.2,1,4,5,1,0,0,4,1,2.0,2.0,1.4,3.4,56,92,84,0.05,0.19,0.24,0.05,0.24,0.10,0.07,0.16,0.10,0.16
Érik Lamela,ARG,FW,Sevilla,32,1992,13,5,463,5.1,2,0,2,2,0,0,3,0,1.0,1.0,1.0,2.0,11,17,28,0.39,0.00,0.39,0.39,0.39,0.19,0.19,0.38,0.19,0.38
Bruno Langa,MOZ,DF,Almería,26,1997,8,6,550,6.1,0,0,0,0,0,0,1,1,0.1,0.1,0.2,0.3,8,21,22,0.00,0.00,0.00,0.00,0.00,0.01,0.04,0.05,0.01,0.05
Cyle Larin,CAN,FW,Mallorca,29,1995,32,18,1637,18.2,2,2,4,2,0,0,8,0,7.7,7.7,1.4,9.1,19,11,89,0.11,0.11,0.22,0.11,0.22,0.42,0.08,0.50,0.42,0.50
Juanmi Latasa,ESP,FW,Getafe,23,2001,30,15,1460,16.2,2,0,2,2,0,0,6,1,3.5,3.5,1.5,4.9,7,16,69,0.12,0.00,0.12,0.12,0.12,0.22,0.09,0.31,0.21,0.30
Toni Lato,ESP,DF,Mallorca,26,1997,26,15,1447,16.1,0,1,1,0,0,0,3,0,0.1,0.1,1.2,1.3,26,36,101,0.00,0.06,0.06,0.00,0.06,0.01,0.07,0.08,0.01,0.08
Lázaro,BRA,FW,Almería,22,2002,14,2,285,3.2,0,0,0,0,0,0,0,0,0.9,0.9,0.5,1.4,5,6,34,0.00,0.00,0.00,0.00,0.00,0.28,0.17,0.45,0.28,0.45
Robin Le Normand,ESP,DF,Real Sociedad,27,1996,28,27,2379,26.4,2,0,2,2,0,0,13,0,1.0,1.0,0.1,1.1,21,101,1,0.08,0.00,0.08,0.08,0.08,0.04,0.00,0.04,0.04,0.04
Jeremías Ledesma,ARG,GK,Cádiz,31,1993,32,32,2868,31.9,0,0,0,0,0,0,0,0,0.0,0.0,0.1,0.1,0,0,0,0.00,0.00,0.00,0.00,0.00,0.00,0.00,0.00,0.00,0.00
Florian Lejeune,FRA,DF,Rayo Vallecano,32,1991,34,34,3057,34.0,2,1,3,2,0,0,5,0,2.5,2.5,0.7,3.2,14,109,4,0.06,0.03,0.09,0.06,0.09,0.07,0.02,0.09,0.07,0.09
Stefan Lekovic,SRB,DF,Villarreal,20,2004,1,0,29,0.3,0,0,0,0,0,0,0,0,0.0,0.0,0.0,0.0,0,0,0,0.00,0.00,0.00,0.00,0.00,0.00,0.00,0.00,0.00,0.00
Iñigo Lekue,ESP,DF,Athletic Club,31,1993,25,20,1822,20.2,0,2,2,0,0,0,4,0,0.2,0.2,1.1,1.2,42,112,34,0.00,0.10,0.10,0.00,0.10,0.01,0.05,0.06,0.01,0.06
Thomas Lemar,FRA,MF,Atlético Madrid,28,1995,3,3,164,1.8,0,0,0,0,0,0,0,0,0.2,0.2,0.0,0.2,5,13,9,0.00,0.00,0.00,0.00,0.00,0.09,0.01,0.10,0.09,0.10
Álvaro Lemos,ESP,DF,Las Palmas,31,1993,3,2,194,2.2,0,0,0,0,0,0,1,0,0.0,0.0,0.0,0.0,6,15,7,0.00,0.00,0.00,0.00,0.00,0.01,0.00,0.01,0.01,0.01
Robert Lewandowski,POL,FW,Barcelona,35,1988,32,29,2543,28.3,17,8,25,13,4,4,5,0,17.3,14.2,4.5,18.7,38,56,153,0.60,0.28,0.88,0.46,0.74,0.61,0.16,0.77,0.50,0.66
Samuel Lino,BRA,DF,Atlético Madrid,24,1999,31,22,1877,20.9,3,2,5,3,0,0,1,0,3.8,3.8,3.8,7.6,120,77,197,0.14,0.10,0.24,0.14,0.24,0.18,0.18,0.37,0.18,0.37
Javier Llabrés,ESP,MF,Mallorca,21,2002,15,0,178,2.0,1,0,1,1,0,0,1,0,0.6,0.6,0.3,0.9,5,1,22,0.51,0.00,0.51,0.51,0.51,0.32,0.16,0.48,0.32,0.48
Marcos Llorente,ESP,MF,Atlético Madrid,29,1995,34,26,2299,25.5,6,3,9,6,0,0,5,0,4.0,4.0,4.5,8.5,60,94,158,0.23,0.12,0.35,0.23,0.35,0.16,0.18,0.33,0.16,0.33
Enzo Loiodice,FRA,MF,Las Palmas,23,2000,31,17,1628,18.1,0,0,0,0,0,0,2,0,0.5,0.5,0.7,1.2,22,87,64,0.00,0.00,0.00,0.00,0.00,0.03,0.04,0.07,0.03,0.07
David López,ESP,DF,Girona,34,1989,22,22,1736,19.3,3,0,3,3,0,0,3,0,1.6,1.4,0.2,1.7,12,45,1,0.16,0.00,0.16,0.16,0.16,0.08,0.01,0.10,0.07,0.09
Diego López,ESP,MF,Valencia,22,2002,33,27,2414,26.8,3,6,9,3,0,0,2,0,2.9,2.9,4.1,7.1,65,61,161,0.11,0.22,0.34,0.11,0.34,0.11,0.15,0.26,0.11,0.26
Fermin López,ESP,MF,Barcelona,21,2003,28,11,1221,13.6,5,0,5,5,0,0,2,0,6.6,6.6,0.7,7.3,32,62,75,0.37,0.00,0.37,0.37,0.37,0.48,0.05,0.54,0.48,0.54
Javi López,ESP,DF,Alavés,22,2002,30,23,2220,24.7,1,3,4,1,0,0,3,0,0.9,0.9,3.0,3.9,52,85,112,0.04,0.12,0.16,0.04,0.16,0.03,0.12,0.16,0.03,0.16
Unai López,ESP,MF,Rayo Vallecano,28,1995,32,26,1974,21.9,1,2,3,1,0,0,7,0,1.1,1.1,2.5,3.6,31,108,55,0.05,0.09,0.14,0.05,0.14,0.05,0.12,0.16,0.05,0.16
Dion Lopy,SEN,MF,Almería,22,2002,30,23,1916,21.3,0,0,0,0,0,0,5,0,1.3,1.3,1.2,2.4,23,90,19,0.00,0.00,0.00,0.00,0.00,0.06,0.05,0.11,0.06,0.11
Anthony Lozano,HON,MF,Getafe,31,1993,6,0,92,1.0,0,0,0,0,0,0,1,0,0.2,0.2,0.3,0.4,0,1,6,0.00,0.00,0.00,0.00,0.00,0.18,0.25,0.43,0.18,0.43
Anthony Lozano,HON,FW,Almería,31,1993,11,9,688,7.6,3,0,3,3,0,0,1,0,2.9,2.9,0.4,3.2,11,13,23,0.39,0.00,0.39,0.39,0.39,0.37,0.05,0.42,0.37,0.42
Lucas,BRA,DF,Cádiz,23,2001,27,14,1449,16.1,1,0,1,1,0,0,6,0,0.8,0.8,1.9,2.6,29,44,61,0.06,0.00,0.06,0.06,0.06,0.05,0.12,0.16,0.05,0.16
José Luis Gayà,ESP,DF,Valencia,28,1995,22,22,1749,19.4,1,2,3,1,0,0,2,0,0.5,0.5,2.6,3.1,38,72,94,0.05,0.10,0.15,0.05,0.15,0.03,0.13,0.16,0.03,0.16
José Luis Morales,ESP,FW,Villarreal,36,1987,27,8,964,10.7,6,0,6,6,0,0,0,0,4.7,4.7,0.6,5.2,24,17,69,0.56,0.00,0.56,0.56,0.56,0.44,0.05,0.49,0.44,0.49
Dodi Lukebakio,BEL,FW,Sevilla,26,1997,20,9,918,10.2,5,1,6,5,0,0,0,0,4.8,4.8,0.6,5.4,38,23,103,0.49,0.10,0.59,0.49,0.59,0.47,0.06,0.53,0.47,0.53
Andriy Lunin,UKR,GK,Real Madrid,25,1999,20,20,1800,20.0,0,0,0,0,0,0,2,0,0.0,0.0,0.3,0.3,0,0,0,0.00,0.00,0.00,0.00,0.00,0.00,0.01,0.01,0.00,0.01
Darwin Machís,VEN,MF,Cádiz,31,1993,21,10,785,8.7,4,0,4,3,1,1,0,1,1.4,0.6,0.7,1.3,20,15,54,0.46,0.00,0.46,0.34,0.34,0.16,0.08,0.24,0.07,0.15
Pablo Maffeo,ESP,DF,Mallorca,26,1997,21,17,1433,15.9,0,2,2,0,0,0,3,1,0.6,0.6,0.7,1.2,35,40,64,0.00,0.13,0.13,0.00,0.13,0.03,0.04,0.07,0.03,0.07
Jon Magunacelaya,ESP,FW,Real Sociedad,23,2000,5,1,121,1.3,0,0,0,0,0,0,0,0,0.3,0.3,0.5,0.7,2,2,10,0.00,0.00,0.00,0.00,0.00,0.21,0.34,0.55,0.21,0.55
Nemanja Maksimović,SRB,MF,Getafe,29,1995,34,34,2995,33.3,4,0,4,4,0,0,3,0,5.5,5.5,0.8,6.3,18,61,34,0.12,0.00,0.12,0.12,0.12,0.17,0.02,0.19,0.17,0.19
Giorgi Mamardashvili,GEO,GK,Valencia,23,2000,34,34,3014,33.5,0,0,0,0,0,0,3,1,0.0,0.0,0.3,0.3,0,0,0,0.00,0.00,0.00,0.00,0.00,0.00,0.01,0.01,0.00,0.01
Wilson Manafá,POR,DF,Granada,29,1994,4,3,240,2.7,0,0,0,0,0,0,1,0,0.0,0.0,0.3,0.3,5,4,6,0.00,0.00,0.00,0.00,0.00,0.00,0.11,0.11,0.00,0.11
Reinildo Mandava,MOZ,DF,Atlético Madrid,30,1994,13,7,689,7.7,1,1,2,1,0,0,1,0,0.4,0.4,0.6,1.0,10,34,13,0.13,0.13,0.26,0.13,0.26,0.05,0.08,0.12,0.05,0.12
Aïssa Mandi,ALG,DF,Villarreal,32,1991,15,11,1023,11.4,1,0,1,1,0,0,3,0,0.6,0.6,0.7,1.3,6,47,4,0.09,0.00,0.09,0.09,0.09,0.06,0.06,0.11,0.06,0.11
Javier Manquillo,ESP,DF,Celta Vigo,30,1994,10,8,564,6.3,0,1,1,0,0,0,3,0,0.1,0.1,0.2,0.3,5,20,14,0.00,0.16,0.16,0.00,0.16,0.02,0.03,0.05,0.02,0.05
Faitout Maouassa,FRA,DF,Granada,25,1998,5,1,170,1.9,0,1,1,0,0,0,0,0,0.1,0.1,0.5,0.6,8,6,10,0.00,0.53,0.53,0.00,0.53,0.06,0.22,0.28,0.06,0.28
Marcão,BRA,DF,Sevilla,27,1996,6,3,310,3.4,0,0,0,0,0,0,2,0,0.0,0.0,0.2,0.2,3,12,0,0.00,0.00,0.00,0.00,0.00,0.00,0.06,0.06,0.00,0.06
Óscar de Marcos,ESP,DF,Athletic Club,35,1989,27,25,2168,24.1,1,4,5,1,0,0,5,0,0.6,0.6,2.9,3.5,48,139,116,0.04,0.17,0.21,0.04,0.21,0.03,0.12,0.14,0.03,0.14
Alberto Marí,ESP,FW,Valencia,22,2001,13,0,120,1.3,0,1,1,0,0,0,0,0,0.1,0.1,0.7,0.9,1,4,7,0.00,0.75,0.75,0.00,0.75,0.11,0.55,0.66,0.11,0.66
José Mari,ESP,MF,Cádiz,36,1987,3,0,14,0.2,0,0,0,0,0,0,1,0,0.0,0.0,0.0,0.0,0,1,1,0.00,0.00,0.00,0.00,0.00,0.00,0.18,0.18,0.00,0.18
José María Giménez,URU,DF,Atlético Madrid,29,1995,20,12,1146,12.7,0,0,0,0,0,0,4,0,0.4,0.4,0.1,0.5,2,25,1,0.00,0.00,0.00,0.00,0.00,0.03,0.01,0.04,0.03,0.04
Mariano,DOM,FW,Sevilla,30,1993,6,2,219,2.4,0,0,0,0,0,0,1,0,0.9,0.9,0.1,1.0,3,6,14,0.00,0.00,0.00,0.00,0.00,0.38,0.03,0.41,0.38,0.41
Rafa Marín,ESP,DF,Alavés,21,2002,31,26,2308,25.6,0,0,0,0,0,0,6,0,0.6,0.6,0.3,0.9,12,75,5,0.00,0.00,0.00,0.00,0.00,0.02,0.01,0.04,0.02,0.04
Diego Mariño,ESP,GK,Almería,34,1990,1,1,90,1.0,0,0,0,0,0,0,0,0,0.0,0.0,0.0,0.0,0,0,0,0.00,0.00,0.00,0.00,0.00,0.00,0.00,0.00,0.00,0.00
Mika Màrmol,ESP,DF,Las Palmas,21,2002,33,33,2908,32.3,0,1,1,0,0,0,6,1,0.2,0.2,1.0,1.1,33,134,12,0.00,0.03,0.03,0.00,0.03,0.00,0.03,0.03,0.00,0.03
Unai Marrero,ESP,GK,Real Sociedad,22,2001,2,1,142,1.6,0,0,0,0,0,0,0,0,0.0,0.0,0.0,0.0,0,0,0,0.00,0.00,0.00,0.00,0.00,0.00,0.00,0.00,0.00,0.00
Roger Martí,ESP,FW,Cádiz,33,1991,20,15,1155,12.8,2,3,5,2,0,0,3,0,2.6,2.6,2.9,5.5,7,13,52,0.16,0.23,0.39,0.16,0.39,0.20,0.22,0.43,0.20,0.43
Iván Martín,ESP,MF,Girona,25,1999,33,30,2459,27.3,5,3,8,5,0,0,5,0,2.7,2.7,2.2,4.9,70,120,91,0.18,0.11,0.29,0.18,0.29,0.10,0.08,0.18,0.10,0.18
Arnau Martinez,ESP,DF,Girona,21,2003,19,13,1125,12.5,0,2,2,0,0,0,5,0,0.2,0.2,1.4,1.6,26,59,15,0.00,0.16,0.16,0.00,0.16,0.02,0.11,0.13,0.02,0.13
Iñigo Martínez,ESP,DF,Barcelona,32,1991,17,10,1026,11.4,0,0,0,0,0,0,5,0,0.2,0.2,0.0,0.2,27,74,3,0.00,0.00,0.00,0.00,0.00,0.02,0.00,0.02,0.02,0.02
Marvin,ESP,FW,Las Palmas,23,2000,29,15,1682,18.7,0,2,2,0,0,0,5,0,0.9,0.9,2.2,3.1,55,31,167,0.00,0.11,0.11,0.00,0.11,0.05,0.12,0.16,0.05,0.16
Omar Mascarell,ESP,MF,Mallorca,31,1993,26,17,1460,16.2,0,0,0,0,0,0,7,1,0.4,0.4,0.0,0.4,12,60,9,0.00,0.00,0.00,0.00,0.00,0.02,0.00,0.02,0.02,0.02
Jaime Mata,ESP,FW,Getafe,35,1988,32,20,1584,17.6,5,1,6,5,0,0,10,1,5.3,5.3,1.5,6.8,15,18,123,0.28,0.06,0.34,0.28,0.34,0.30,0.08,0.39,0.30,0.39
Luís Maximiano,POR,GK,Almería,25,1999,32,32,2880,32.0,0,0,0,0,0,0,1,0,0.0,0.0,0.0,0.0,0,0,0,0.00,0.00,0.00,0.00,0.00,0.00,0.00,0.00,0.00,0.00
Borja Mayoral,ESP,FW,Getafe,27,1997,27,25,2153,23.9,15,1,16,11,4,4,2,0,11.9,8.7,1.4,10.1,27,67,100,0.63,0.04,0.67,0.46,0.50,0.50,0.06,0.55,0.36,0.42
Mamadou Mbaye,SEN,DF,Cádiz,25,1998,4,2,288,3.2,0,0,0,0,0,0,2,0,0.3,0.3,0.0,0.3,0,4,0,0.00,0.00,0.00,0.00,0.00,0.11,0.00,0.11,0.11,0.11
Hannibal Mejbri,TUN,MF,Sevilla,21,2003,5,1,98,1.1,0,0,0,0,0,0,2,0,0.0,0.0,0.4,0.4,1,4,6,0.00,0.00,0.00,0.00,0.00,0.01,0.37,0.38,0.01,0.38
Óscar Melendo,ESP,MF,Granada,26,1997,24,14,1059,11.8,0,0,0,0,0,0,2,0,0.4,0.4,0.5,0.9,20,38,27,0.00,0.00,0.00,0.00,0.00,0.04,0.04,0.08,0.04,0.08
Gonzalo Melero,ESP,MF,Almería,30,1994,25,9,978,10.9,0,1,1,0,0,0,3,0,1.7,1.7,1.2,2.9,21,43,31,0.00,0.09,0.09,0.00,0.09,0.16,0.11,0.27,0.16,0.27
Memphis,NED,FW,Atlético Madrid,30,1994,21,9,858,9.5,5,1,6,5,0,0,2,0,5.8,5.8,1.8,7.6,16,25,78,0.52,0.10,0.63,0.52,0.63,0.61,0.19,0.79,0.61,0.79
Houboulang Mendes,GNB,DF,Almería,26,1998,7,4,396,4.4,0,0,0,0,0,0,0,0,0.0,0.0,0.0,0.0,5,9,6,0.00,0.00,0.00,0.00,0.00,0.00,0.01,0.01,0.00,0.01
Tomás Mendes,ESP,MF,Alavés,19,2004,1,0,6,0.1,0,0,0,0,0,0,0,0,0.0,0.0,0.0,0.0,0,0,0,0.00,0.00,0.00,0.00,0.00,0.00,0.00,0.00,0.00,0.00
Brais Méndez,ESP,MF,Real Sociedad,27,1997,29,25,2217,24.6,4,6,10,4,0,0,6,0,4.0,4.0,4.0,8.1,43,114,117,0.16,0.24,0.41,0.16,0.41,0.16,0.16,0.33,0.16,0.33
Bruno Méndez,URU,DF,Granada,24,1999,15,14,1226,13.6,1,0,1,1,0,0,3,0,0.4,0.4,0.1,0.5,8,41,12,0.07,0.00,0.07,0.07,0.07,0.03,0.01,0.04,0.03,0.04
Diego Méndez,ESP,MF,Rayo Vallecano,20,2003,1,0,5,0.1,0,0,0,0,0,0,0,0,0.0,0.0,0.0,0.0,1,1,0,0.00,0.00,0.00,0.00,0.00,0.00,0.00,0.00,0.00,0.00
Ferland Mendy,FRA,DF,Real Madrid,28,1995,21,19,1540,17.1,0,0,0,0,0,0,5,0,0.1,0.1,0.9,1.0,18,78,90,0.00,0.00,0.00,0.00,0.00,0.01,0.05,0.06,0.01,0.06
Jorge Meré,ESP,DF,Cádiz,27,1997,10,8,673,7.5,0,0,0,0,0,0,0,0,0.2,0.2,0.0,0.2,2,15,0,0.00,0.00,0.00,0.00,0.00,0.02,0.00,0.02,0.02,0.02
Mikel Merino,ESP,MF,Real Sociedad,27,1996,30,25,2302,25.6,4,3,7,4,0,0,10,0,3.2,3.2,1.7,4.9,24,148,92,0.16,0.12,0.27,0.16,0.27,0.12,0.07,0.19,0.12,0.19
Omenuke Mfulu,COD,MF,Las Palmas,30,1994,5,1,82,0.9,0,0,0,0,0,0,1,0,0.0,0.0,0.0,0.0,1,1,0,0.00,0.00,0.00,0.00,0.00,0.00,0.00,0.00,0.00,0.00
Miguel,ESP,FW,Alavés,24,1999,3,1,65,0.7,0,0,0,0,0,0,0,0,0.1,0.1,0.0,0.1,1,0,3,0.00,0.00,0.00,0.00,0.00,0.13,0.00,0.13,0.13,0.13
Éder Militão,BRA,DF,Real Madrid,26,1998,7,4,338,3.8,0,0,0,0,0,0,0,0,0.1,0.1,0.0,0.1,4,9,2,0.00,0.00,0.00,0.00,0.00,0.03,0.00,0.03,0.03,0.03
Luis Milla,ESP,MF,Getafe,29,1994,24,22,1953,21.7,0,1,1,0,0,0,6,0,0.6,0.6,1.5,2.1,30,107,31,0.00,0.05,0.05,0.00,0.05,0.03,0.07,0.10,0.03,0.10
Marko Milovanović,SRB,FW,Almería,20,2003,11,2,308,3.4,1,0,1,1,0,0,0,0,1.5,1.5,0.1,1.6,2,3,13,0.29,0.00,0.29,0.29,0.29,0.45,0.03,0.47,0.45,0.47
Óscar Mingueza,ESP,DF,Celta Vigo,25,1999,35,31,2773,30.8,2,2,4,2,0,0,4,0,2.6,2.6,3.8,6.3,72,160,123,0.06,0.06,0.13,0.06,0.13,0.08,0.12,0.21,0.08,0.21
Ignasi Miquel,ESP,DF,Granada,31,1992,34,33,2992,33.2,1,1,2,1,0,0,5,0,1.4,1.4,1.2,2.6,8,83,8,0.03,0.03,0.06,0.03,0.06,0.04,0.04,0.08,0.04,0.08
Rafa Mir,ESP,FW,Sevilla,26,1997,15,3,391,4.3,2,0,2,2,0,0,1,0,1.4,1.4,0.3,1.7,3,2,16,0.46,0.00,0.46,0.46,0.46,0.33,0.07,0.39,0.33,0.39
Juan Miranda,ESP,DF,Betis,24,2000,23,19,1678,18.6,1,1,2,1,0,0,7,0,1.5,1.5,1.7,3.1,30,86,81,0.05,0.05,0.11,0.05,0.11,0.08,0.09,0.17,0.08,0.17
Stefan Mitrović,SRB,DF,Getafe,33,1990,11,9,699,7.8,1,0,1,1,0,0,3,0,0.1,0.1,0.3,0.4,4,19,2,0.13,0.00,0.13,0.13,0.13,0.01,0.04,0.05,0.01,0.05
Luka Modrić,CRO,MF,Real Madrid,38,1985,30,17,1590,17.7,2,6,8,2,0,0,2,0,1.2,1.2,5.4,6.7,51,177,81,0.11,0.34,0.45,0.11,0.45,0.07,0.31,0.38,0.07,0.38
Johan Mojica,COL,DF,Osasuna,31,1992,27,20,1836,20.4,0,3,3,0,0,0,1,0,1.0,1.0,2.6,3.6,55,78,114,0.00,0.15,0.15,0.00,0.15,0.05,0.13,0.18,0.05,0.18
Alberto Moleiro,ESP,FW,Las Palmas,20,2003,25,18,1540,17.1,2,3,5,2,0,0,0,0,1.0,1.0,2.0,3.0,70,62,159,0.12,0.18,0.29,0.12,0.29,0.06,0.11,0.17,0.06,0.17
Nahuel Molina,ARG,DF,Atlético Madrid,26,1998,30,19,1852,20.6,2,3,5,2,0,0,4,1,1.3,1.3,2.9,4.2,47,68,170,0.10,0.15,0.24,0.10,0.24,0.06,0.14,0.20,0.06,0.20
Jon Moncayola,ESP,MF,Osasuna,26,1998,30,20,1666,18.5,0,3,3,0,0,0,2,1,0.4,0.4,2.2,2.6,11,93,40,0.00,0.16,0.16,0.00,0.16,0.02,0.12,0.14,0.02,0.14
César Montes,MEX,DF,Almería,27,1997,19,19,1608,17.9,0,0,0,0,0,0,5,0,0.6,0.6,0.2,0.8,7,48,2,0.00,0.00,0.00,0.00,0.00,0.04,0.01,0.04,0.04,0.04
Álvaro Morata,ESP,FW,Atlético Madrid,31,1992,30,21,1838,20.4,14,2,16,14,0,1,4,1,12.9,12.0,1.2,13.2,19,20,85,0.69,0.10,0.78,0.69,0.78,0.63,0.06,0.69,0.59,0.65
Alberto Moreno,ESP,DF,Villarreal,31,1992,26,16,1405,15.6,2,2,4,2,0,0,4,2,0.7,0.7,1.5,2.2,25,50,73,0.13,0.13,0.26,0.13,0.26,0.04,0.10,0.14,0.04,0.14
Gerard Moreno,ESP,FW,Villarreal,32,1992,29,27,2143,23.8,10,4,14,8,2,3,0,0,9.7,7.3,5.0,12.3,45,143,187,0.42,0.17,0.59,0.34,0.50,0.41,0.21,0.61,0.31,0.52
Jorge Moreno,ESP,DF,Osasuna,23,2001,1,0,15,0.2,0,0,0,0,0,0,0,0,0.0,0.0,0.0,0.0,0,0,0,0.00,0.00,0.00,0.00,0.00,0.00,0.00,0.00,0.00,0.00
Ilaix Moriba,GUI,MF,Getafe,21,2003,12,7,539,6.0,0,2,2,0,0,0,3,0,0.3,0.3,0.6,0.9,7,18,16,0.00,0.33,0.33,0.00,0.33,0.06,0.10,0.15,0.06,0.15
Manu Morlanes,ESP,MF,Mallorca,25,1999,32,14,1422,15.8,0,1,1,0,0,0,2,0,0.8,0.8,1.8,2.6,24,94,28,0.00,0.06,0.06,0.00,0.06,0.05,0.11,0.16,0.05,0.16
Cristhian Mosquera,COL,DF,Valencia,19,2004,33,30,2805,31.2,0,0,0,0,0,0,2,0,0.7,0.7,0.0,0.7,14,68,4,0.00,0.00,0.00,0.00,0.00,0.02,0.00,0.02,0.02,0.02
Yerson Mosquera,COL,DF,Villarreal,23,2001,13,11,959,10.7,2,0,2,2,0,0,3,0,1.0,1.0,0.2,1.2,8,35,11,0.19,0.00,0.19,0.19,0.19,0.09,0.02,0.11,0.09,0.11
Abdul Mumin,GHA,DF,Rayo Vallecano,25,1998,18,17,1514,16.8,1,0,1,1,0,0,4,1,0.4,0.4,0.1,0.5,6,37,3,0.06,0.00,0.06,0.06,0.06,0.02,0.01,0.03,0.02,0.03
Iker Muniain,ESP,MF,Athletic Club,31,1992,19,4,532,5.9,1,0,1,1,0,0,1,0,1.5,1.5,0.4,1.9,17,40,45,0.17,0.00,0.17,0.17,0.17,0.25,0.07,0.31,0.25,0.31
Aihen Muñoz,ESP,DF,Real Sociedad,26,1997,21,11,1127,12.5,0,2,2,0,0,0,2,0,0.3,0.3,2.0,2.2,24,39,23,0.00,0.16,0.16,0.00,0.16,0.02,0.16,0.18,0.02,0.18
Álvaro Muñoz,URU,FW,Real Madrid,19,2004,1,0,1,0.0,0,0,0,0,0,0,0,0,0.0,0.0,0.0,0.0,0,0,0,0.00,0.00,0.00,0.00,0.00,0.00,0.00,0.00,0.00,0.00
Iker Muñoz,ESP,MF,Osasuna,21,2002,25,17,1584,17.6,4,0,4,4,0,0,3,0,1.0,1.0,0.2,1.2,12,69,18,0.23,0.00,0.23,0.23,0.23,0.06,0.01,0.07,0.06,0.07
Javier Muñoz,ESP,MF,Las Palmas,29,1995,34,28,2434,27.0,2,3,5,2,0,0,6,0,2.4,2.4,1.3,3.7,29,107,112,0.07,0.11,0.18,0.07,0.18,0.09,0.05,0.14,0.09,0.14
Vedat Muriqi,KVX,FW,Mallorca,30,1994,27,24,2203,24.5,6,2,8,5,1,3,5,0,8.9,6.5,2.4,9.0,19,38,126,0.25,0.08,0.33,0.20,0.29,0.36,0.10,0.46,0.27,0.37
Nacho,ESP,DF,Real Madrid,34,1990,26,16,1563,17.4,0,1,1,0,0,0,3,2,0.5,0.5,1.2,1.7,11,51,9,0.00,0.06,0.06,0.00,0.06,0.03,0.07,0.10,0.03,0.10
Matija Nastasić,SRB,DF,Mallorca,31,1993,25,24,2168,24.1,2,0,2,2,0,0,8,0,1.0,1.0,0.6,1.6,11,61,4,0.08,0.00,0.08,0.08,0.08,0.04,0.02,0.07,0.04,0.07
Roberto Navarro,ESP,MF,Cádiz,22,2002,25,21,1657,18.4,1,1,2,1,0,0,0,1,1.8,1.8,2.4,4.2,72,60,103,0.05,0.05,0.11,0.05,0.11,0.10,0.13,0.23,0.10,0.23
Jesús Navas,ESP,DF,Sevilla,38,1985,27,23,1876,20.8,0,2,2,0,0,0,5,1,0.1,0.1,1.6,1.7,52,97,130,0.00,0.10,0.10,0.00,0.10,0.01,0.08,0.08,0.01,0.08
Álvaro Negredo,ESP,FW,Cádiz,38,1985,7,0,54,0.6,0,0,0,0,0,0,0,0,0.1,0.1,0.1,0.2,0,0,0,0.00,0.00,0.00,0.00,0.00,0.16,0.13,0.28,0.16,0.28
Carlos Neva,ESP,DF,Granada,27,1996,34,34,2966,33.0,0,2,2,0,0,0,3,0,0.1,0.1,3.2,3.3,38,98,91,0.00,0.06,0.06,0.00,0.06,0.00,0.10,0.10,0.00,0.10
Tanguy Nianzou,FRA,DF,Sevilla,21,2002,8,3,318,3.5,0,0,0,0,0,0,3,0,0.0,0.0,0.0,0.0,2,14,1,0.00,0.00,0.00,0.00,0.00,0.01,0.00,0.01,0.01,0.01
Saúl Ñíguez,ESP,MF,Atlético Madrid,29,1994,32,14,1339,14.9,1,4,5,1,0,0,8,0,1.5,1.5,3.2,4.6,21,34,43,0.07,0.27,0.34,0.07,0.34,0.10,0.21,0.31,0.10,0.31
Peru Nolaskoain,ESP,DF,Athletic Club,25,1998,2,0,10,0.1,0,0,0,0,0,0,0,0,0.0,0.0,0.0,0.0,0,0,0,0.00,0.00,0.00,0.00,0.00,0.00,0.00,0.00,0.00,0.00
Randy Ntekja,FRA,FW,Rayo Vallecano,26,1997,15,3,569,6.3,1,1,2,0,1,1,2,0,1.9,1.1,0.9,2.1,11,15,34,0.16,0.16,0.32,0.00,0.16,0.30,0.15,0.45,0.18,0.32
Unai Núñez,ESP,DF,Celta Vigo,27,1997,33,31,2789,31.0,1,0,1,1,0,0,4,0,1.4,1.4,0.8,2.2,10,106,2,0.03,0.00,0.03,0.03,0.03,0.05,0.02,0.07,0.05,0.07
Ørjan Nyland,NOR,GK,Sevilla,33,1990,21,21,1890,21.0,0,0,0,0,0,0,1,0,0.0,0.0,0.4,0.4,0,0,0,0.00,0.00,0.00,0.00,0.00,0.00,0.02,0.02,0.00,0.02
Jan Oblak,SVN,GK,Atlético Madrid,31,1993,35,35,3150,35.0,0,0,0,0,0,0,1,0,0.0,0.0,0.0,0.0,0,0,0,0.00,0.00,0.00,0.00,0.00,0.00,0.00,0.00,0.00,0.00
Brian Ocampo,URU,MF,Cádiz,24,1999,10,0,144,1.6,0,0,0,0,0,0,1,0,0.2,0.2,0.0,0.2,9,3,10,0.00,0.00,0.00,0.00,0.00,0.13,0.01,0.14,0.13,0.14
Lucas Ocampos,ARG,FW,Sevilla,29,1994,32,31,2608,29.0,4,3,7,3,1,1,6,0,5.1,4.3,4.2,8.5,105,107,241,0.14,0.10,0.24,0.10,0.21,0.18,0.15,0.32,0.15,0.29
Álvaro Odriozola,ESP,DF,Real Sociedad,28,1995,8,5,319,3.5,0,0,0,0,0,0,0,0,0.0,0.0,0.2,0.2,8,6,9,0.00,0.00,0.00,0.00,0.00,0.00,0.04,0.04,0.00,0.04
Olasagasti,ESP,MF,Real Sociedad,23,2000,12,2,313,3.5,0,0,0,0,0,0,2,0,0.8,0.8,0.3,1.1,5,12,10,0.00,0.00,0.00,0.00,0.00,0.23,0.09,0.32,0.23,0.32
Samuel Omorodion,ESP,FW,Alavés,20,2004,31,20,1777,19.7,8,1,9,8,0,0,5,0,9.7,9.7,1.2,10.9,28,17,97,0.41,0.05,0.46,0.41,0.46,0.49,0.06,0.55,0.49,0.55
Samuel Omorodion,ESP,FW,Granada,20,2004,1,1,80,0.9,1,0,1,1,0,0,0,0,0.7,0.7,0.0,0.7,0,0,3,1.13,0.00,1.13,1.13,1.13,0.78,0.05,0.84,0.78,0.84
Aimar Oroz,ESP,MF,Osasuna,22,2001,30,24,2135,23.7,1,1,2,0,1,1,3,0,2.5,1.7,1.5,3.2,50,97,115,0.04,0.04,0.08,0.00,0.04,0.10,0.06,0.17,0.07,0.14
Asier Osambela,ESP,MF,Osasuna,20,2004,1,0,9,0.1,0,0,0,0,0,0,0,0,,,,,,,,0.00,0.00,0.00,0.00,0.00,,,,,
Milutin Osmajić,MNE,MF,Cádiz,24,1999,1,0,5,0.1,0,0,0,0,0,0,0,0,0.1,0.1,0.0,0.1,0,0,0,0.00,0.00,0.00,0.00,0.00,1.46,0.80,2.26,1.46,2.26
Aiham Ousou,SYR,DF,Cádiz,24,2000,6,5,430,4.8,0,0,0,0,0,0,0,0,0.2,0.2,0.0,0.2,2,7,0,0.00,0.00,0.00,0.00,0.00,0.04,0.00,0.04,0.04,0.04
Jesús Owono,EQG,GK,Alavés,23,2001,1,1,90,1.0,0,0,0,0,0,0,1,0,0.0,0.0,0.0,0.0,0,0,0,0.00,0.00,0.00,0.00,0.00,0.00,0.00,0.00,0.00,0.00
Mikel Oyarzabal,ESP,FW,Real Sociedad,27,1997,30,22,2027,22.5,9,2,11,7,2,2,3,0,8.9,7.3,1.6,8.9,27,38,118,0.40,0.09,0.49,0.31,0.40,0.39,0.07,0.47,0.32,0.40
Cenk Özkacar,TUR,DF,Valencia,23,2000,21,16,1448,16.1,0,0,0,0,0,0,3,0,0.3,0.3,0.1,0.3,17,54,5,0.00,0.00,0.00,0.00,0.00,0.02,0.00,0.02,0.02,0.02
Jon Pacheco,ESP,DF,Real Sociedad,23,2001,20,13,1256,14.0,1,1,2,1,0,0,7,0,1.1,1.1,0.2,1.3,8,46,1,0.07,0.07,0.14,0.07,0.14,0.08,0.02,0.09,0.08,0.09
Isaac Palazón Camacho,ESP,MF,Rayo Vallecano,29,1994,34,32,2603,28.9,4,1,5,2,2,2,8,0,5.2,3.6,1.6,5.2,36,120,147,0.14,0.03,0.17,0.07,0.10,0.18,0.06,0.24,0.12,0.18
Joaquín Panichelli,ARG,MF,Alavés,21,2002,6,1,130,1.4,0,0,0,0,0,0,0,0,0.3,0.3,0.0,0.3,3,2,6,0.00,0.00,0.00,0.00,0.00,0.21,0.01,0.22,0.21,0.22
Sokratis Papastathopoulos,GRE,DF,Betis,35,1988,12,9,866,9.6,0,0,0,0,0,0,5,0,0.2,0.2,0.0,0.2,1,10,1,0.00,0.00,0.00,0.00,0.00,0.02,0.00,0.03,0.02,0.03
Victor Parada,ESP,FW,Alavés,22,2002,2,0,3,0.0,0,0,0,0,0,0,0,0,0.0,0.0,0.0,0.0,0,0,0,0.00,0.00,0.00,0.00,0.00,0.00,0.00,0.00,0.00,0.00
Aitor Paredes,ESP,DF,Athletic Club,24,2000,32,29,2524,28.0,1,0,1,1,0,0,9,1,1.2,1.2,0.2,1.4,6,103,1,0.04,0.00,0.04,0.04,0.04,0.04,0.01,0.05,0.04,0.05
Daniel Parejo,ESP,MF,Villarreal,35,1989,30,27,2417,26.9,3,5,8,0,3,3,4,0,2.9,0.5,2.9,3.4,11,196,26,0.11,0.19,0.30,0.00,0.19,0.11,0.11,0.21,0.02,0.13
Pascu,ESP,FW,Villarreal,21,2003,1,0,14,0.2,0,0,0,0,0,0,0,0,0.0,0.0,0.0,0.0,0,2,1,0.00,0.00,0.00,0.00,0.00,0.00,0.00,0.00,0.00,0.00
Gabriel Paulista,BRA,DF,Atlético Madrid,33,1990,4,4,360,4.0,0,0,0,0,0,0,0,0,0.2,0.2,0.1,0.3,1,7,0,0.00,0.00,0.00,0.00,0.00,0.05,0.02,0.07,0.05,0.07
Gabriel Paulista,BRA,DF,Valencia,33,1990,18,16,1398,15.5,0,0,0,0,0,0,6,1,0.4,0.4,0.2,0.6,2,33,2,0.00,0.00,0.00,0.00,0.00,0.02,0.01,0.04,0.02,0.04
Nicolás Paz,ARG,MF,Real Madrid,19,2004,4,0,23,0.3,0,0,0,0,0,0,0,0,0.1,0.1,0.0,0.1,3,6,2,0.00,0.00,0.00,0.00,0.00,0.31,0.00,0.31,0.31,0.31
Alfonso Pedraza,ESP,DF,Villarreal,28,1996,19,14,1116,12.4,1,3,4,1,0,0,4,1,0.6,0.6,3.6,4.2,56,31,97,0.08,0.24,0.32,0.08,0.32,0.05,0.29,0.34,0.05,0.34
Pedri,ESP,MF,Barcelona,21,2002,21,14,1275,14.2,2,2,4,2,0,0,3,0,2.1,2.1,3.9,6.0,38,105,61,0.14,0.14,0.28,0.14,0.28,0.15,0.27,0.43,0.15,0.43
Adrià Pedrosa,ESP,DF,Sevilla,26,1998,28,14,1615,17.9,1,4,5,1,0,0,1,0,0.5,0.5,2.3,2.9,39,59,104,0.06,0.22,0.28,0.06,0.28,0.03,0.13,0.16,0.03,0.16
Facundo Pellistri,URU,MF,Granada,22,2001,12,11,993,11.0,2,1,3,2,0,0,0,0,1.7,1.7,0.8,2.6,26,19,73,0.18,0.09,0.27,0.18,0.27,0.16,0.08,0.24,0.16,0.24
Iñaki Peña,ESP,GK,Barcelona,25,1999,10,10,900,10.0,0,0,0,0,0,0,0,0,0.0,0.0,0.0,0.0,0,0,0,0.00,0.00,0.00,0.00,0.00,0.00,0.00,0.00,0.00,0.00
Marcos Peña,ESP,MF,Almería,19,2005,6,3,351,3.9,0,0,0,0,0,0,3,0,0.2,0.2,0.0,0.2,0,10,0,0.00,0.00,0.00,0.00,0.00,0.04,0.01,0.05,0.04,0.05
Rubén Peña,ESP,DF,Osasuna,32,1991,26,23,1853,20.6,0,1,1,0,0,0,2,0,0.7,0.7,2.0,2.7,49,65,127,0.00,0.05,0.05,0.00,0.05,0.03,0.10,0.13,0.03,0.13
Alberto Perea,ESP,MF,Granada,33,1990,2,0,2,0.0,0,0,0,0,0,0,0,0,0.0,0.0,0.1,0.1,0,2,1,0.00,0.00,0.00,0.00,0.00,0.00,4.87,4.87,0.00,4.87
Ayoze Pérez,ESP,FW,Betis,30,1993,28,26,2024,22.5,8,1,9,8,0,0,4,0,6.4,6.4,3.1,9.5,77,63,149,0.36,0.04,0.40,0.36,0.40,0.28,0.14,0.42,0.28,0.42
Carles Pérez,ESP,MF,Celta Vigo,26,1998,15,6,727,8.1,1,1,2,1,0,0,3,0,1.1,1.1,1.3,2.4,31,17,64,0.12,0.12,0.25,0.12,0.25,0.14,0.16,0.29,0.14,0.29
Francisco Perez,ESP,MF,Valencia,21,2002,32,27,2049,22.8,1,4,5,1,0,0,4,0,1.1,1.1,2.6,3.6,59,41,145,0.04,0.18,0.22,0.04,0.22,0.05,0.11,0.16,0.05,0.16
Kike Pérez,ESP,MF,Rayo Vallecano,27,1997,22,9,819,9.1,1,0,1,1,0,0,7,0,1.9,1.9,0.2,2.0,15,44,41,0.11,0.00,0.11,0.11,0.11,0.20,0.02,0.22,0.20,0.22
Máximo Perrone,ARG,MF,Las Palmas,21,2003,28,20,1616,18.0,0,0,0,0,0,0,6,0,0.2,0.2,0.5,0.8,12,77,22,0.00,0.00,0.00,0.00,0.00,0.01,0.03,0.04,0.01,0.04
Njegoš Petrović,SRB,MF,Granada,24,1999,10,0,157,1.7,0,0,0,0,0,0,0,0,0.0,0.0,0.1,0.1,3,8,3,0.00,0.00,0.00,0.00,0.00,0.02,0.06,0.08,0.02,0.08
Germán Pezzella,ARG,DF,Betis,32,1991,32,32,2767,30.7,1,0,1,1,0,0,7,0,2.0,2.0,0.3,2.3,5,64,1,0.03,0.00,0.03,0.03,0.03,0.07,0.01,0.08,0.07,0.08
Kamil Piątkowski,POL,DF,Granada,23,2000,7,6,442,4.9,0,0,0,0,0,0,1,1,0.8,0.8,0.1,0.9,2,10,0,0.00,0.00,0.00,0.00,0.00,0.16,0.02,0.18,0.16,0.18
Yeremi Pino,ESP,MF,Villarreal,21,2002,7,7,475,5.3,0,0,0,0,0,0,4,0,1.4,1.4,0.2,1.7,11,10,49,0.00,0.00,0.00,0.00,0.00,0.27,0.05,0.31,0.27,0.31
Portu,ESP,FW,Getafe,31,1992,3,0,97,1.1,0,0,0,0,0,0,1,0,0.2,0.2,0.2,0.3,3,3,3,0.00,0.00,0.00,0.00,0.00,0.15,0.14,0.29,0.15,0.29
Portu,ESP,MF,Girona,31,1992,30,10,1100,12.2,7,5,12,7,0,0,2,0,3.3,3.3,3.5,6.8,30,30,86,0.57,0.41,0.98,0.57,0.98,0.27,0.28,0.55,0.27,0.55
José Pozo,ESP,MF,Rayo Vallecano,28,1996,2,0,19,0.2,0,0,0,0,0,0,0,0,0.0,0.0,0.0,0.0,0,1,2,0.00,0.00,0.00,0.00,0.00,0.00,0.00,0.00,0.00,0.00
Alejandro Pozo Pozo,ESP,DF,Almería,25,1999,19,8,876,9.7,0,0,0,0,0,0,3,0,0.4,0.4,0.6,1.0,21,42,61,0.00,0.00,0.00,0.00,0.00,0.04,0.07,0.11,0.04,0.11
Beñat Prados,ESP,MF,Athletic Club,23,2001,24,14,1285,14.3,0,0,0,0,0,0,1,0,0.5,0.5,0.5,1.0,20,79,27,0.00,0.00,0.00,0.00,0.00,0.03,0.03,0.07,0.03,0.07
Abdón Prats,ESP,FW,Mallorca,31,1992,31,10,1141,12.7,6,1,7,6,0,0,4,0,3.1,3.1,2.4,5.5,7,25,44,0.47,0.08,0.55,0.47,0.55,0.24,0.19,0.43,0.24,0.43
Pubill,ESP,DF,Almería,20,2003,21,20,1713,19.0,1,3,4,1,0,0,2,0,0.6,0.6,1.3,1.9,50,35,74,0.05,0.16,0.21,0.05,0.21,0.03,0.07,0.10,0.03,0.10
Antonio Puertas,ESP,MF,Granada,32,1992,26,6,729,8.1,0,2,2,0,0,1,3,1,2.4,1.6,0.6,2.2,18,22,46,0.00,0.25,0.25,0.00,0.25,0.30,0.08,0.37,0.20,0.27
Arnau Puigmal,ESP,FW,Almería,23,2001,11,3,255,2.8,0,0,0,0,0,0,3,0,0.0,0.0,0.3,0.3,4,8,17,0.00,0.00,0.00,0.00,0.00,0.00,0.10,0.10,0.00,0.10
Nemanja Radonjić,SRB,MF,Mallorca,28,1996,9,3,275,3.1,0,0,0,0,0,0,0,0,1.5,1.5,0.4,1.9,21,9,30,0.00,0.00,0.00,0.00,0.00,0.48,0.15,0.62,0.48,0.62
Aleksandar Radovanović,SRB,DF,Almería,30,1993,7,7,494,5.5,0,0,0,0,0,0,2,0,0.0,0.0,0.0,0.1,0,5,1,0.00,0.00,0.00,0.00,0.00,0.01,0.00,0.01,0.01,0.01
Abdellah Raihani,MAR,FW,Atlético Madrid,20,2004,1,0,10,0.1,0,0,0,0,0,0,0,0,0.0,0.0,0.0,0.0,0,0,1,0.00,0.00,0.00,0.00,0.00,0.00,0.00,0.00,0.00,0.00
Antonio Raillo,ESP,DF,Mallorca,32,1991,23,22,1925,21.4,3,0,3,3,0,0,5,1,1.2,1.2,0.9,2.1,22,67,3,0.14,0.00,0.14,0.14,0.14,0.06,0.04,0.10,0.06,0.10
Predrag Rajković,SRB,GK,Mallorca,28,1995,34,34,3060,34.0,0,0,0,0,0,0,2,0,0.0,0.0,0.2,0.2,0,0,0,0.00,0.00,0.00,0.00,0.00,0.00,0.01,0.01,0.00,0.01
Ivan Rakitić,CRO,MF,Sevilla,36,1988,18,16,1425,15.8,2,1,3,2,0,0,6,0,1.3,1.3,3.0,4.3,24,127,52,0.13,0.06,0.19,0.13,0.19,0.08,0.19,0.27,0.08,0.27
Largie Ramazani,BEL,FW,Almería,23,2001,29,16,1555,17.3,3,5,8,3,0,0,11,2,4.7,4.7,5.7,10.5,59,42,104,0.17,0.29,0.46,0.17,0.46,0.27,0.33,0.60,0.27,0.60
Benito Ramírez,ESP,FW,Las Palmas,28,1995,19,2,351,3.9,1,0,1,1,0,0,0,0,0.4,0.4,0.1,0.4,13,5,44,0.26,0.00,0.26,0.26,0.26,0.10,0.02,0.11,0.10,0.11
Sandro Ramírez,ESP,FW,Las Palmas,28,1995,24,18,1575,17.5,1,3,4,1,0,1,3,0,3.0,2.2,2.5,4.7,53,47,182,0.06,0.17,0.23,0.06,0.23,0.17,0.14,0.32,0.13,0.27
Chris Ramos,ESP,FW,Cádiz,27,1997,35,28,2438,27.1,5,1,6,5,0,0,4,0,8.6,8.6,1.7,10.3,30,27,97,0.18,0.04,0.22,0.18,0.22,0.32,0.06,0.38,0.32,0.38
Sergio Ramos,ESP,DF,Sevilla,38,1986,25,25,2247,25.0,3,0,3,3,0,0,7,1,1.8,1.8,0.1,1.9,8,75,4,0.12,0.00,0.12,0.12,0.12,0.07,0.00,0.08,0.07,0.08
Raphinha,BRA,FW,Barcelona,27,1996,27,16,1307,14.5,6,9,15,5,1,1,3,1,7.3,6.6,5.6,12.1,49,56,162,0.41,0.62,1.03,0.34,0.96,0.50,0.38,0.89,0.45,0.84
Andrei Ratiu,ROU,DF,Rayo Vallecano,25,1998,10,5,511,5.7,0,0,0,0,0,0,1,0,0.3,0.3,0.2,0.5,22,14,19,0.00,0.00,0.00,0.00,0.00,0.05,0.03,0.08,0.05,0.08
Raúl,ESP,FW,Osasuna,23,2000,32,11,1152,12.8,4,1,5,4,0,0,4,0,4.0,4.0,0.6,4.6,13,21,62,0.31,0.08,0.39,0.31,0.39,0.31,0.04,0.36,0.31,0.36
Abderrahman Rebbach,ALG,FW,Alavés,25,1998,21,6,695,7.7,1,0,1,1,0,0,1,0,0.8,0.8,1.6,2.5,33,14,76,0.13,0.00,0.13,0.13,0.13,0.11,0.21,0.32,0.11,0.32
Pepe Reina,ESP,GK,Villarreal,41,1982,1,1,90,1.0,0,0,0,0,0,0,2,1,0.0,0.0,0.0,0.0,0,0,0,0.00,0.00,0.00,0.00,0.00,0.00,0.00,0.00,0.00,0.00
Álex Remiro,ESP,GK,Real Sociedad,29,1995,34,34,3005,33.4,0,0,0,0,0,0,3,1,0.0,0.0,0.0,0.0,0,1,0,0.00,0.00,0.00,0.00,0.00,0.00,0.00,0.00,0.00,0.00
Chadi Riad,MAR,DF,Betis,20,2003,24,22,1984,22.0,0,0,0,0,0,0,1,0,0.7,0.7,0.2,0.9,3,31,1,0.00,0.00,0.00,0.00,0.00,0.03,0.01,0.04,0.03,0.04
Diego Rico,ESP,DF,Getafe,31,1993,30,26,2435,27.1,0,7,7,0,0,0,8,0,0.3,0.3,3.8,4.1,26,117,75,0.00,0.26,0.26,0.00,0.26,0.01,0.14,0.15,0.01,0.15
Luis Rioja,ESP,FW,Alavés,30,1993,35,30,2405,26.7,5,4,9,2,3,4,4,0,5.9,2.7,3.8,6.6,68,74,165,0.19,0.15,0.34,0.07,0.22,0.22,0.14,0.36,0.10,0.25
Rodrigo Riquelme,ESP,DF,Atlético Madrid,24,2000,31,17,1435,15.9,3,5,8,3,0,0,1,0,2.7,2.7,3.1,5.8,84,49,155,0.19,0.31,0.50,0.19,0.50,0.17,0.19,0.36,0.17,0.36
Alberto Risco,ESP,MF,Getafe,18,2005,1,0,11,0.1,0,0,0,0,0,0,0,0,0.0,0.0,0.0,0.0,0,0,1,0.00,0.00,0.00,0.00,0.00,0.00,0.00,0.00,0.00,0.00
Mihailo Ristić,SRB,DF,Celta Vigo,28,1995,12,9,808,9.0,0,0,0,0,0,0,2,0,0.3,0.3,0.1,0.5,24,30,42,0.00,0.00,0.00,0.00,0.00,0.04,0.01,0.05,0.04,0.05
Gorka Rivera Alonso,ESP,DF,Getafe,19,2004,1,0,3,0.0,0,0,0,0,0,0,0,0,0.0,0.0,0.0,0.0,0,0,0,0.00,0.00,0.00,0.00,0.00,0.00,0.00,0.00,0.00,0.00
Sergi Roberto,ESP,MF,Barcelona,32,1992,12,8,747,8.3,3,1,4,3,0,0,4,0,1.6,1.6,0.6,2.2,9,43,30,0.36,0.12,0.48,0.36,0.48,0.20,0.07,0.27,0.20,0.27
Lucas Robertone,ARG,MF,Almería,27,1997,30,27,2168,24.1,0,5,5,0,0,0,10,0,0.9,0.9,2.4,3.3,31,112,35,0.00,0.21,0.21,0.00,0.21,0.04,0.10,0.14,0.04,0.14
Marc Roca,ESP,MF,Betis,27,1996,24,22,1816,20.2,2,2,4,2,0,0,5,0,1.1,1.1,1.3,2.5,24,119,19,0.10,0.10,0.20,0.10,0.20,0.06,0.06,0.12,0.06,0.12
Rodri,ESP,FW,Betis,23,2000,26,8,919,10.2,0,0,0,0,0,0,0,0,1.0,1.0,1.1,2.2,41,58,104,0.00,0.00,0.00,0.00,0.00,0.10,0.11,0.21,0.10,0.21
Óscar Rodríguez Arnaiz,ESP,MF,Getafe,25,1998,22,7,832,9.2,2,0,2,2,0,0,9,0,1.4,1.4,1.7,3.1,8,44,38,0.22,0.00,0.22,0.22,0.22,0.15,0.19,0.34,0.15,0.34
Damián Rodríguez,ESP,MF,Celta Vigo,21,2003,4,2,168,1.9,0,1,1,0,0,0,1,0,0.0,0.0,0.6,0.6,1,4,4,0.00,0.54,0.54,0.00,0.54,0.01,0.31,0.33,0.01,0.33
Dani Rodríguez,ESP,MF,Mallorca,35,1988,33,29,2437,27.1,2,4,6,2,0,0,8,0,1.3,1.3,4.1,5.5,47,99,98,0.07,0.15,0.22,0.07,0.22,0.05,0.15,0.20,0.05,0.20
Guido Rodríguez,ARG,MF,Betis,30,1994,23,21,1827,20.3,2,0,2,2,0,0,6,0,0.7,0.7,0.8,1.4,8,64,18,0.10,0.00,0.10,0.10,0.10,0.03,0.04,0.07,0.03,0.07
Kirian Rodríguez,ESP,MF,Las Palmas,28,1996,34,33,2941,32.7,6,2,8,6,0,0,8,0,1.9,1.9,1.5,3.4,40,272,76,0.18,0.06,0.24,0.18,0.24,0.06,0.05,0.10,0.06,0.10
Miguel Rodríguez,ESP,MF,Celta Vigo,21,2003,14,1,210,2.3,0,0,0,0,0,0,2,0,0.1,0.1,0.2,0.3,12,7,27,0.00,0.00,0.00,0.00,0.00,0.06,0.07,0.13,0.06,0.13
Rodrygo,BRA,FW,Real Madrid,23,2001,31,26,2177,24.2,10,5,15,10,0,1,2,0,10.7,9.9,3.5,13.4,142,82,275,0.41,0.21,0.62,0.41,0.62,0.44,0.15,0.59,0.41,0.55
Carlos Romero,ESP,DF,Villarreal,22,2001,7,2,262,2.9,0,0,0,0,0,0,1,0,0.4,0.4,0.0,0.4,6,6,21,0.00,0.00,0.00,0.00,0.00,0.14,0.00,0.14,0.14,0.14
Luka Romero,ARG,FW,Almería,19,2004,10,4,335,3.7,3,0,3,3,0,0,1,0,1.3,1.3,0.1,1.3,8,11,20,0.81,0.00,0.81,0.81,0.81,0.34,0.02,0.36,0.34,0.36
Oriol Romeu,ESP,MF,Barcelona,32,1991,26,11,883,9.8,0,1,1,0,0,0,4,0,0.7,0.7,1.3,2.0,11,61,3,0.00,0.10,0.10,0.00,0.10,0.07,0.13,0.20,0.07,0.20
Unai Ropero,ESP,MF,Alavés,22,2001,1,0,5,0.1,0,0,0,0,0,0,0,0,0.0,0.0,0.0,0.0,0,0,0,0.00,0.00,0.00,0.00,0.00,0.00,0.00,0.00,0.00,0.00
Vitor Roque,BRA,FW,Barcelona,19,2005,11,2,282,3.1,2,0,2,2,0,0,3,1,2.5,2.5,0.0,2.5,9,1,19,0.64,0.00,0.64,0.64,0.64,0.79,0.02,0.80,0.79,0.80
Antonio Rüdiger,GER,DF,Real Madrid,31,1993,30,28,2510,27.9,1,0,1,1,0,0,7,0,1.3,1.3,1.2,2.4,16,80,1,0.04,0.00,0.04,0.04,0.04,0.05,0.04,0.09,0.05,0.09
Aitor Ruibal,ESP,DF,Betis,28,1996,17,10,972,10.8,2,1,3,2,0,0,4,0,0.8,0.8,1.3,2.1,22,53,50,0.19,0.09,0.28,0.19,0.28,0.08,0.12,0.19,0.08,0.19
Sergio Ruiz,ESP,MF,Granada,29,1994,32,27,2255,25.1,0,4,4,0,0,0,8,0,0.6,0.6,1.2,1.9,30,99,19,0.00,0.16,0.16,0.00,0.16,0.03,0.05,0.08,0.03,0.08
Youssouf Sabaly,SEN,DF,Betis,31,1993,10,10,897,10.0,0,1,1,0,0,0,1,0,0.1,0.1,0.3,0.4,29,43,37,0.00,0.10,0.10,0.00,0.10,0.01,0.03,0.04,0.01,0.04
Umar Sadiq,NGA,FW,Real Sociedad,27,1997,26,12,1077,12.0,3,1,4,3,0,0,4,0,3.6,3.6,1.1,4.7,18,13,74,0.25,0.08,0.33,0.25,0.33,0.30,0.09,0.39,0.30,0.39
Kike Salas,ESP,DF,Sevilla,22,2002,20,16,1380,15.3,3,0,3,3,0,0,7,0,0.8,0.8,0.3,1.1,10,51,16,0.20,0.00,0.20,0.20,0.20,0.05,0.02,0.07,0.05,0.07
Salvi,ESP,MF,Rayo Vallecano,33,1991,1,0,28,0.3,0,0,0,0,0,0,0,0,0.0,0.0,0.0,0.0,2,0,2,0.00,0.00,0.00,0.00,0.00,0.00,0.00,0.00,0.00,0.00
Diadie Samassékou,MLI,MF,Cádiz,28,1996,3,0,65,0.7,0,0,0,0,0,0,0,0,0.0,0.0,0.0,0.0,0,4,1,0.00,0.00,0.00,0.00,0.00,0.04,0.02,0.06,0.04,0.06
Fede San Emeterio,ESP,MF,Cádiz,27,1997,4,3,152,1.7,1,0,1,1,0,0,1,1,0.1,0.1,0.1,0.1,0,4,0,0.59,0.00,0.59,0.59,0.59,0.03,0.05,0.09,0.03,0.09
Marciano Sanca,GNB,FW,Almería,20,2004,6,0,43,0.5,0,0,0,0,0,0,0,0,0.0,0.0,0.0,0.1,1,1,3,0.00,0.00,0.00,0.00,0.00,0.06,0.10,0.17,0.06,0.17
Oihan Sancet,ESP,MF,Athletic Club,24,2000,30,25,1975,21.9,4,5,9,4,0,1,5,2,6.3,5.5,4.7,10.2,76,121,157,0.18,0.23,0.41,0.18,0.41,0.29,0.21,0.50,0.25,0.47
Ricard Sánchez,ESP,DF,Granada,24,2000,30,23,2132,23.7,3,0,3,3,0,0,7,0,0.9,0.9,1.9,2.8,45,73,96,0.13,0.00,0.13,0.13,0.13,0.04,0.08,0.12,0.04,0.12
Antonio Sánchez,ESP,MF,Mallorca,27,1997,27,20,1388,15.4,3,1,4,3,0,0,3,0,2.5,2.5,0.8,3.3,34,55,60,0.19,0.06,0.26,0.19,0.26,0.16,0.05,0.22,0.16,0.22
Juanlu Sánchez,ESP,DF,Sevilla,20,2003,23,10,1038,11.5,0,2,2,0,0,0,2,0,0.4,0.4,1.0,1.5,40,45,94,0.00,0.17,0.17,0.00,0.17,0.04,0.09,0.13,0.04,0.13
Manu Sánchez,ESP,DF,Celta Vigo,23,2000,25,19,1730,19.2,0,5,5,0,0,0,3,0,0.5,0.5,2.7,3.2,40,73,64,0.00,0.26,0.26,0.00,0.26,0.03,0.14,0.17,0.03,0.17
Jesús Santiago,ESP,MF,Getafe,19,2004,11,7,530,5.9,1,0,1,1,0,0,3,0,0.6,0.6,0.4,0.9,3,15,10,0.17,0.00,0.17,0.17,0.17,0.10,0.06,0.16,0.10,0.16
Stefan Savić,MNE,DF,Atlético Madrid,33,1991,22,18,1540,17.1,0,0,0,0,0,0,7,1,0.3,0.3,0.1,0.5,13,59,2,0.00,0.00,0.00,0.00,0.00,0.02,0.01,0.03,0.02,0.03
Sávio,BRA,FW,Girona,20,2004,34,33,2772,30.8,8,9,17,8,0,0,5,0,5.2,5.2,6.8,12.0,161,86,326,0.26,0.29,0.55,0.26,0.55,0.17,0.22,0.39,0.17,0.39
Manuel Sebastián,ESP,MF,Sevilla,19,2004,2,0,21,0.2,0,0,0,0,0,0,1,0,0.0,0.0,0.0,0.0,1,1,0,0.00,0.00,0.00,0.00,0.00,0.00,0.11,0.11,0.00,0.11
Aleksandar Sedlar,SRB,DF,Alavés,32,1991,11,11,946,10.5,1,0,1,1,0,0,2,0,0.3,0.3,0.1,0.3,6,26,1,0.10,0.00,0.10,0.10,0.10,0.03,0.01,0.03,0.03,0.03
André Silva,POR,FW,Real Sociedad,28,1995,17,8,646,7.2,2,0,2,1,1,1,1,0,2.3,1.5,0.3,1.8,4,7,37,0.28,0.00,0.28,0.14,0.14,0.32,0.04,0.37,0.21,0.26
Rui Silva,POR,GK,Betis,30,1994,26,26,2295,25.5,0,0,0,0,0,0,4,0,0.0,0.0,0.0,0.0,0,1,1,0.00,0.00,0.00,0.00,0.00,0.00,0.00,0.00,0.00,0.00
Giuliano Simeone,ARG,FW,Alavés,21,2002,12,4,454,5.0,1,1,2,1,0,0,0,0,1.5,1.5,0.4,1.9,22,20,35,0.20,0.20,0.40,0.20,0.40,0.29,0.08,0.37,0.29,0.37
Unai Simón,ESP,GK,Athletic Club,26,1997,34,34,3060,34.0,0,0,0,0,0,0,2,0,0.0,0.0,0.0,0.0,0,0,0,0.00,0.00,0.00,0.00,0.00,0.00,0.00,0.00,0.00,0.00
Daley Sinkgraven,NED,DF,Las Palmas,28,1995,11,6,388,4.3,0,0,0,0,0,0,0,1,0.0,0.0,0.0,0.0,3,17,8,0.00,0.00,0.00,0.00,0.00,0.00,0.00,0.00,0.00,0.00
Jailson Siqueira,BRA,DF,Celta Vigo,28,1995,13,8,807,9.0,0,1,1,0,0,0,1,0,0.2,0.2,0.5,0.7,15,38,8,0.00,0.11,0.11,0.00,0.11,0.02,0.06,0.08,0.02,0.08
Antonio Sivera,ESP,GK,Alavés,27,1996,34,34,3060,34.0,0,0,0,0,0,0,3,0,0.0,0.0,0.1,0.1,0,0,0,0.00,0.00,0.00,0.00,0.00,0.00,0.00,0.00,0.00,0.00
Rubén Sobrino,ESP,MF,Cádiz,31,1992,29,16,1511,16.8,0,1,1,0,0,0,8,1,1.5,1.5,2.2,3.8,23,30,71,0.00,0.06,0.06,0.00,0.06,0.09,0.13,0.22,0.09,0.22
Alex Sola,ESP,FW,Alavés,24,1999,27,12,1125,12.5,0,3,3,0,0,0,2,0,1.5,1.5,2.2,3.8,37,37,98,0.00,0.24,0.24,0.00,0.24,0.12,0.18,0.30,0.12,0.30
Alex Sola,ESP,DF,Real Sociedad,24,1999,2,0,30,0.3,0,0,0,0,0,0,0,0,0.0,0.0,0.0,0.0,1,1,0,0.00,0.00,0.00,0.00,0.00,0.00,0.00,0.00,0.00,0.00
Jhon Solis,COL,MF,Girona,19,2004,18,2,384,4.3,0,0,0,0,0,0,0,0,1.0,1.0,0.3,1.4,9,22,13,0.00,0.00,0.00,0.00,0.00,0.24,0.07,0.32,0.24,0.32
David Soria,ESP,GK,Getafe,31,1993,35,35,3150,35.0,0,0,0,0,0,0,3,0,0.0,0.0,0.0,0.0,0,0,0,0.00,0.00,0.00,0.00,0.00,0.00,0.00,0.00,0.00,0.00
Alberto Soro,ESP,MF,Granada,25,1999,1,0,8,0.1,0,0,0,0,0,0,0,0,0.0,0.0,0.0,0.0,0,0,0,0.00,0.00,0.00,0.00,0.00,0.00,0.51,0.51,0.00,0.51
Hugo Sotelo,ESP,MF,Celta Vigo,20,2003,15,6,553,6.1,0,0,0,0,0,0,0,0,0.2,0.2,0.7,0.9,15,43,10,0.00,0.00,0.00,0.00,0.00,0.04,0.12,0.15,0.04,0.15
Boubakary Soumaré,FRA,MF,Sevilla,25,1999,26,24,2106,23.4,0,0,0,0,0,0,9,0,0.0,0.0,0.5,0.6,22,90,18,0.00,0.00,0.00,0.00,0.00,0.00,0.02,0.02,0.00,0.02
Djibril Sow,SUI,MF,Sevilla,27,1997,24,18,1460,16.2,1,1,2,1,0,0,6,0,1.5,1.5,0.8,2.3,25,73,45,0.06,0.06,0.12,0.06,0.12,0.09,0.05,0.14,0.09,0.14
Çağlar Söyüncü,TUR,DF,Atlético Madrid,27,1996,6,1,114,1.3,0,0,0,0,0,0,0,1,0.0,0.0,0.0,0.0,2,6,0,0.00,0.00,0.00,0.00,0.00,0.00,0.00,0.00,0.00,0.00
Carl Starfelt,SWE,DF,Celta Vigo,28,1995,25,24,2042,22.7,1,0,1,1,0,0,3,0,1.4,1.4,0.2,1.6,5,36,1,0.04,0.00,0.04,0.04,0.04,0.06,0.01,0.07,0.06,0.07
Jørgen Strand Larsen,NOR,FW,Celta Vigo,24,2000,34,34,2700,30.0,12,2,14,12,0,0,5,0,13.5,13.5,2.2,15.6,32,25,171,0.40,0.07,0.47,0.40,0.47,0.45,0.07,0.52,0.45,0.52
Cristhian Stuani,URU,FW,Girona,37,1986,29,5,757,8.4,8,2,10,8,0,0,6,0,8.5,8.5,1.3,9.8,3,4,23,0.95,0.24,1.19,0.95,1.19,1.01,0.16,1.17,1.01,1.17
Álex Suárez,ESP,DF,Las Palmas,31,1993,29,28,2386,26.5,1,0,1,1,0,0,6,0,0.4,0.4,0.2,0.6,12,104,13,0.04,0.00,0.04,0.04,0.04,0.02,0.01,0.02,0.02,0.02
Damián Suárez,URU,DF,Getafe,36,1988,16,15,1299,14.4,0,2,2,0,0,0,7,1,0.3,0.3,0.8,1.2,20,58,47,0.00,0.14,0.14,0.00,0.14,0.02,0.06,0.08,0.02,0.08
Denis Suárez,ESP,MF,Villarreal,30,1994,4,1,133,1.5,0,0,0,0,0,0,0,0,0.1,0.1,0.3,0.4,4,13,7,0.00,0.00,0.00,0.00,0.00,0.06,0.18,0.24,0.06,0.24
Suso,ESP,MF,Sevilla,30,1993,28,15,1472,16.4,1,4,5,1,0,0,5,1,1.3,1.3,3.5,4.8,40,105,107,0.06,0.24,0.31,0.06,0.31,0.08,0.21,0.29,0.08,0.29
Williot Swedberg,SWE,FW,Celta Vigo,20,2004,13,2,299,3.3,4,0,4,4,0,0,1,0,2.1,2.1,0.0,2.1,6,2,17,1.20,0.00,1.20,1.20,1.20,0.64,0.01,0.64,0.64,0.64
Mamadou Sylla,SEN,FW,Alavés,30,1994,2,0,18,0.2,0,0,0,0,0,0,0,0,0.0,0.0,0.0,0.0,0,1,1,0.00,0.00,0.00,0.00,0.00,0.00,0.00,0.00,0.00,0.00
Alexander Sørloth,NOR,FW,Villarreal,28,1995,31,27,2293,25.5,19,6,25,19,0,0,3,0,11.1,11.1,4.4,15.4,46,37,143,0.75,0.24,0.98,0.75,0.98,0.43,0.17,0.61,0.43,0.61
Yassin Tallal,ESP,MF,Getafe,19,2005,1,0,3,0.0,0,0,0,0,0,0,0,0,,,,,,,,0.00,0.00,0.00,0.00,0.00,,,,,
Renato Tapia,PER,MF,Celta Vigo,28,1995,19,14,1266,14.1,0,0,0,0,0,0,5,1,1.0,1.0,0.6,1.6,8,57,13,0.00,0.00,0.00,0.00,0.00,0.07,0.04,0.12,0.07,0.12
César Tárrega,ESP,DF,Valencia,22,2002,1,0,8,0.1,0,0,0,0,0,0,0,0,0.0,0.0,0.0,0.0,0,0,0,0.00,0.00,0.00,0.00,0.00,0.00,0.00,0.00,0.00,0.00
Aurélien Tchouaméni,FRA,MF,Real Madrid,24,2000,27,22,1987,22.1,3,1,4,3,0,0,7,0,1.3,1.3,0.9,2.1,28,111,15,0.14,0.05,0.18,0.14,0.18,0.06,0.04,0.10,0.06,0.10
Nahuel Tenaglia,ARG,DF,Alavés,28,1996,23,10,1021,11.3,1,0,1,1,0,0,4,0,0.6,0.6,0.2,0.8,13,39,18,0.09,0.00,0.09,0.09,0.09,0.06,0.02,0.07,0.06,0.07
Marc-André ter Stegen,GER,GK,Barcelona,32,1992,25,25,2250,25.0,0,0,0,0,0,0,3,0,0.0,0.0,0.1,0.1,0,1,0,0.00,0.00,0.00,0.00,0.00,0.00,0.00,0.00,0.00,0.00
Ramón Terrats,ESP,MF,Villarreal,23,2000,16,5,670,7.4,0,2,2,0,0,0,3,0,0.4,0.4,1.5,1.9,14,34,49,0.00,0.27,0.27,0.00,0.27,0.05,0.20,0.25,0.05,0.25
Kieran Tierney,SCO,DF,Real Sociedad,26,1997,17,11,1010,11.2,0,2,2,0,0,0,1,0,0.2,0.2,0.6,0.8,21,61,34,0.00,0.18,0.18,0.00,0.18,0.02,0.05,0.07,0.02,0.07
Raúl de Tomás,ESP,FW,Rayo Vallecano,29,1994,24,15,1249,13.9,1,2,3,0,1,1,5,0,3.4,2.6,1.3,3.9,10,23,70,0.07,0.14,0.22,0.00,0.14,0.24,0.10,0.34,0.18,0.28
Pablo Torre,ESP,MF,Girona,21,2003,25,4,660,7.3,0,2,2,0,0,0,1,0,0.7,0.7,0.8,1.6,22,58,38,0.00,0.27,0.27,0.00,0.27,0.10,0.11,0.21,0.10,0.21
Raúl Torrente,ESP,DF,Granada,22,2001,14,11,1035,11.5,0,0,0,0,0,0,3,0,0.2,0.2,0.4,0.6,2,26,2,0.00,0.00,0.00,0.00,0.00,0.01,0.04,0.05,0.01,0.05
Ferrán Torres,ESP,FW,Barcelona,24,2000,27,11,1110,12.3,7,2,9,7,0,0,2,0,5.5,5.5,2.5,8.0,28,40,109,0.57,0.16,0.73,0.57,0.73,0.45,0.20,0.65,0.45,0.65
Óliver Torres,ESP,MF,Sevilla,29,1994,27,18,1616,18.0,0,1,1,0,0,0,3,0,0.5,0.5,2.2,2.7,40,96,110,0.00,0.06,0.06,0.00,0.06,0.03,0.12,0.15,0.03,0.15
Lucas Torró,ESP,MF,Osasuna,29,1994,25,19,1617,18.0,0,0,0,0,0,0,5,0,1.2,1.2,0.5,1.7,2,51,10,0.00,0.00,0.00,0.00,0.00,0.07,0.03,0.09,0.07,0.09
Bertrand Traoré,BFA,MF,Villarreal,28,1995,8,4,353,3.9,0,0,0,0,0,0,1,0,0.5,0.5,0.3,0.8,18,16,45,0.00,0.00,0.00,0.00,0.00,0.13,0.07,0.20,0.13,0.20
Hamari Traoré,MLI,DF,Real Sociedad,32,1992,28,25,2111,23.5,0,2,2,0,0,0,6,0,0.5,0.5,1.5,2.1,46,124,76,0.00,0.09,0.09,0.00,0.09,0.02,0.07,0.09,0.02,0.09
Óscar Trejo,ARG,FW,Rayo Vallecano,36,1988,29,17,1309,14.5,0,0,0,0,0,0,4,0,0.8,0.8,1.2,2.0,25,120,77,0.00,0.00,0.00,0.00,0.00,0.05,0.08,0.14,0.05,0.14
Manu Trigueros,ESP,MF,Villarreal,32,1991,12,1,218,2.4,0,0,0,0,0,0,0,0,0.5,0.5,0.1,0.5,5,14,11,0.00,0.00,0.00,0.00,0.00,0.19,0.02,0.21,0.19,0.21
Viktor Tsyhankov,UKR,MF,Girona,26,1997,27,23,1848,20.5,6,5,11,6,0,0,0,0,4.9,4.9,4.9,9.8,55,67,176,0.29,0.24,0.54,0.29,0.54,0.24,0.24,0.48,0.24,0.48
Beñat Turrientes,ESP,MF,Real Sociedad,22,2002,26,16,1448,16.1,0,1,1,0,0,0,3,0,1.1,1.1,0.5,1.6,24,46,28,0.00,0.06,0.06,0.00,0.06,0.07,0.03,0.10,0.07,0.10
Enes Ünal,TUR,FW,Getafe,27,1997,3,1,140,1.6,0,1,1,0,0,0,0,0,0.1,0.1,0.4,0.5,2,1,7,0.00,0.64,0.64,0.00,0.64,0.06,0.24,0.30,0.06,0.30
Myrto Uzuni,ALB,FW,Granada,28,1995,34,28,2448,27.2,11,1,12,7,4,5,3,0,12.9,9.0,2.6,11.5,21,18,90,0.40,0.04,0.44,0.26,0.29,0.47,0.09,0.57,0.33,0.42
Óscar Valentín,ESP,MF,Rayo Vallecano,29,1994,32,30,2554,28.4,1,0,1,1,0,0,6,1,1.7,1.7,0.6,2.2,24,128,11,0.04,0.00,0.04,0.04,0.04,0.06,0.02,0.08,0.06,0.08
Martin Valjent,SVK,DF,Mallorca,28,1995,26,26,2169,24.1,0,1,1,0,0,0,5,0,0.2,0.2,0.7,0.9,19,53,25,0.00,0.04,0.04,0.00,0.04,0.01,0.03,0.04,0.01,0.04
Jesús Vallejo,ESP,DF,Granada,27,1997,3,1,108,1.2,0,0,0,0,0,0,1,0,0.0,0.0,0.0,0.0,1,2,0,0.00,0.00,0.00,0.00,0.00,0.00,0.00,0.00,0.00,0.00
Álvaro Vallés,ESP,GK,Las Palmas,26,1997,34,34,2993,33.3,0,0,0,0,0,0,2,1,0.0,0.0,0.0,0.0,0,5,0,0.00,0.00,0.00,0.00,0.00,0.00,0.00,0.00,0.00,0.00
Federico Valverde,URU,MF,Real Madrid,25,1998,34,30,2674,29.7,1,7,8,1,0,0,2,0,3.3,3.3,5.7,9.0,101,222,95,0.03,0.24,0.27,0.03,0.27,0.11,0.19,0.30,0.11,0.30
Siebe Van Der Heyden,BEL,DF,Mallorca,25,1998,6,4,286,3.2,0,0,0,0,0,0,2,1,0.2,0.2,0.0,0.2,1,1,1,0.00,0.00,0.00,0.00,0.00,0.05,0.00,0.05,0.05,0.05
José Luis García Vayá,ESP,MF,Valencia,25,1998,35,35,3122,34.7,6,1,7,0,6,7,4,0,6.5,0.9,3.1,4.1,27,242,43,0.17,0.03,0.20,0.00,0.03,0.19,0.09,0.28,0.03,0.12
Jesus Vazquez,ESP,DF,Valencia,21,2003,20,6,716,8.0,1,0,1,1,0,0,1,0,1.2,1.2,0.1,1.3,13,15,29,0.13,0.00,0.13,0.13,0.13,0.15,0.02,0.16,0.15,0.16
Kevin Vázquez,ESP,DF,Celta Vigo,31,1993,11,9,630,7.0,0,0,0,0,0,0,3,0,0.0,0.0,0.2,0.2,5,24,19,0.00,0.00,0.00,0.00,0.00,0.01,0.03,0.03,0.01,0.03
Lucas Vázquez,ESP,DF,Real Madrid,32,1991,27,13,1312,14.6,2,4,6,2,0,0,0,0,1.0,0.9,3.5,4.4,25,53,145,0.14,0.27,0.41,0.14,0.41,0.07,0.24,0.31,0.06,0.30
Gabriel Veiga,ESP,FW,Celta Vigo,21,2002,1,0,18,0.2,0,0,0,0,0,0,0,0,0.0,0.0,0.0,0.0,0,0,1,0.00,0.00,0.00,0.00,0.00,0.00,0.00,0.00,0.00,0.00
Alejo Véliz,ARG,FW,Sevilla,20,2003,4,0,33,0.4,0,0,0,0,0,0,0,0,0.2,0.2,0.0,0.2,0,0,1,0.00,0.00,0.00,0.00,0.00,0.62,0.00,0.62,0.62,0.62
Arthur Vermeeren,BEL,MF,Atlético Madrid,19,2005,3,1,85,0.9,0,0,0,0,0,0,1,0,0.0,0.0,0.0,0.0,2,4,4,0.00,0.00,0.00,0.00,0.00,0.00,0.00,0.00,0.00,0.00
Mikel Vesga,ESP,MF,Athletic Club,30,1993,26,18,1518,16.9,3,1,4,1,2,2,2,0,2.7,1.1,1.2,2.3,10,88,28,0.18,0.06,0.24,0.06,0.12,0.16,0.07,0.23,0.06,0.14
Carlos Vicente,ESP,FW,Alavés,25,1999,16,10,937,10.4,0,4,4,0,0,0,1,0,1.1,1.1,3.2,4.3,18,18,73,0.00,0.38,0.38,0.00,0.38,0.11,0.30,0.41,0.11,0.41
Nacho Vidal,ESP,DF,Osasuna,29,1995,7,0,96,1.1,1,0,1,1,0,0,0,0,0.3,0.3,0.0,0.3,0,1,4,0.94,0.00,0.94,0.94,0.94,0.28,0.01,0.29,0.28,0.29
Nacho Vidal,ESP,DF,Mallorca,29,1995,6,3,251,2.8,0,0,0,0,0,0,1,0,0.3,0.3,0.1,0.4,3,8,23,0.00,0.00,0.00,0.00,0.00,0.09,0.05,0.14,0.09,0.14
Jonathan Viera,ESP,MF,Las Palmas,34,1989,9,7,617,6.9,2,1,3,0,2,2,1,0,2.3,0.7,1.0,1.7,26,65,37,0.29,0.15,0.44,0.00,0.15,0.33,0.14,0.47,0.10,0.24
Jonathan Viera,ESP,MF,Almería,34,1989,10,10,762,8.5,0,2,2,0,0,0,3,1,0.9,0.9,2.3,3.3,27,58,21,0.00,0.24,0.24,0.00,0.24,0.11,0.27,0.39,0.11,0.39
Toni Villa,ESP,FW,Girona,29,1995,1,0,5,0.1,0,0,0,0,0,0,0,0,0.0,0.0,0.0,0.0,0,0,1,0.00,0.00,0.00,0.00,0.00,0.00,0.00,0.00,0.00,0.00
Asier Villalibre,ESP,FW,Athletic Club,26,1997,15,2,398,4.4,2,1,3,2,0,0,0,0,1.7,1.7,1.0,2.7,6,10,28,0.45,0.23,0.68,0.45,0.68,0.38,0.22,0.60,0.38,0.60
Gonzalo Villar,ESP,MF,Granada,26,1998,32,20,1682,18.7,1,3,4,1,0,0,7,0,1.7,1.7,1.5,3.2,23,69,24,0.05,0.16,0.21,0.05,0.21,0.09,0.08,0.17,0.09,0.17
Iván Villar,ESP,GK,Celta Vigo,26,1997,10,10,834,9.3,0,0,0,0,0,0,0,2,0.0,0.0,0.1,0.1,0,0,0,0.00,0.00,0.00,0.00,0.00,0.00,0.01,0.01,0.00,0.01
Ricardo Visus,ESP,DF,Betis,23,2001,2,0,76,0.8,0,0,0,0,0,0,0,0,,,,,,,,0.00,0.00,0.00,0.00,0.00,,,,,
Daniel Vivian,ESP,DF,Athletic Club,24,1999,31,30,2743,30.5,0,0,0,0,0,0,6,0,0.6,0.6,0.7,1.3,21,119,4,0.00,0.00,0.00,0.00,0.00,0.02,0.02,0.04,0.02,0.04
Shon Weissman,ISR,FW,Granada,28,1996,5,0,82,0.9,0,0,0,0,0,0,0,0,0.0,0.0,0.0,0.0,1,1,1,0.00,0.00,0.00,0.00,0.00,0.04,0.00,0.04,0.04,0.04
Iñaki Williams,GHA,FW,Athletic Club,29,1994,32,31,2734,30.4,12,3,15,12,0,0,4,0,8.8,8.8,6.3,15.1,110,72,318,0.40,0.10,0.49,0.40,0.49,0.29,0.21,0.50,0.29,0.50
Nico Williams,ESP,FW,Athletic Club,21,2002,29,27,2099,23.3,4,10,14,4,0,0,6,1,5.1,5.1,5.3,10.4,130,61,283,0.17,0.43,0.60,0.17,0.60,0.22,0.23,0.45,0.22,0.45
Axel Witsel,BEL,DF,Atlético Madrid,35,1989,33,28,2603,28.9,2,0,2,2,0,0,4,0,1.0,1.0,0.3,1.3,17,84,8,0.07,0.00,0.07,0.07,0.07,0.03,0.01,0.04,0.03,0.04
Xeber,ESP,FW,Alavés,26,1997,9,3,273,3.0,0,0,0,0,0,0,1,0,0.4,0.4,0.6,1.0,5,4,27,0.00,0.00,0.00,0.00,0.00,0.12,0.20,0.32,0.12,0.32
Antal Yaakobishvili,HUN,DF,Girona,19,2004,1,0,61,0.7,0,0,0,0,0,0,0,0,0.0,0.0,0.3,0.3,0,0,0,0.00,0.00,0.00,0.00,0.00,0.00,0.37,0.37,0.00,0.37
Lamine Yamal,ESP,FW,Barcelona,16,2007,34,19,1960,21.8,5,4,9,5,0,0,2,0,5.1,5.1,5.6,10.7,106,73,301,0.23,0.18,0.41,0.23,0.41,0.23,0.26,0.49,0.23,0.49
Roman Yaremchuk,UKR,FW,Valencia,28,1995,23,10,828,9.2,3,0,3,3,0,0,2,0,3.8,3.8,0.1,4.0,11,19,42,0.33,0.00,0.33,0.33,0.33,0.41,0.02,0.43,0.41,0.43
Arsen Zakharyan,RUS,MF,Real Sociedad,20,2003,26,13,1092,12.1,1,2,3,1,0,0,1,0,2.3,2.3,2.0,4.3,27,41,84,0.08,0.16,0.25,0.08,0.25,0.19,0.16,0.35,0.19,0.35
Joseba Zaldúa,ESP,DF,Cádiz,31,1992,10,6,455,5.1,0,0,0,0,0,0,3,0,0.0,0.0,0.2,0.2,5,12,20,0.00,0.00,0.00,0.00,0.00,0.00,0.04,0.04,0.00,0.04
Bryan Zaragoza,ESP,MF,Granada,23,2001,21,18,1638,18.2,6,2,8,5,1,1,5,0,3.8,3.0,3.3,6.3,100,36,127,0.33,0.11,0.44,0.27,0.38,0.21,0.18,0.39,0.16,0.35
Igor Zubeldia,ESP,DF,Real Sociedad,27,1997,30,29,2518,28.0,0,2,2,0,0,0,11,1,0.8,0.8,1.1,1.9,28,129,0,0.00,0.07,0.07,0.00,0.07,0.03,0.04,0.07,0.03,0.07
Martín Zubimendi,ESP,MF,Real Sociedad,25,1999,31,29,2654,29.5,4,1,5,4,0,0,5,0,2.7,2.7,1.5,4.1,34,152,27,0.14,0.03,0.17,0.14,0.17,0.09,0.05,0.14,0.09,0.14
